"challengeID","gpa","grit","materialHardship","eviction","layoff","jobTraining"
1,2.60167560271681,3.54712845906773,0.136968982554176,0,0,0
3,2.60167560271681,3.54712845906773,0.136968982554176,0,0,0
6,2.89182224426326,3.5,0.0909090909090909,0,0,0
7,2.5,3.25,0,0,0,0
8,2.60167560271681,3.54712845906773,0.136968982554176,0,0,0
9,2.25,4,0.181818181818182,0,0,0
10,3.25,3.25,0.0909090909090909,0,0,0
13,2.75,4,0.181818181818182,0,0,1
14,3.25,2.75,0.272727272727273,0,1,0
16,2,3.5,0.0909090909090909,0,0,1
18,2.25,3,0,0,1,0
20,2.89182224426326,3,0,0,0,0
23,2.5,3.25,0,0,0,0
24,3.25,3.5,0.0909090909090909,0,0,1
28,2.60167560271681,3.54712845906773,0.136968982554176,0,0,0
30,3,4,0.0909090909090909,0,1,0
35,3,3,0.181818181818182,0,0,0
36,2.60167560271681,3.54712845906773,0.136968982554176,0,0,0
40,3,3.5,0.0909090909090909,0,0,0
43,3,3.25,0.272727272727273,0,0,0
45,3,4,0,0,0,0
46,3.5,4,0,0,0,1
47,3.5,3.25,0,0,0,0
49,2.60167560271681,3.54712845906773,0.136968982554176,0,0,0
52,3.25,4,0,0,0,0
53,2.75,3.75,0,0,0,0
54,2.60167560271681,3.54712845906773,0.136968982554176,0,0,0
55,2.85672386020522,3,0.363636363636364,0,0,0
56,2.60167560271681,3.54712845906773,0.136968982554176,0,0,0
57,3,3,0.181818181818182,0,0,0
58,3.25,3.75,0.0909090909090909,0,0,0
60,2.75,3.5,0,0,0,1
61,4,3.5,0,0,0,0
62,3.25,3.25,0,0,0,0
64,3.75,3,0.0909090909090909,0,0,1
66,3.5,4,0,0,0,0
67,2.84970418339362,3.75,0.272727272727273,0,0,0
69,3,2.75,0.181818181818182,0,0,1
70,3.5,2.75,0,0,0,1
72,3.25,2.75,0.272727272727273,0,0,0
73,2.60167560271681,3.54712845906773,0.136968982554176,0,0,0
75,2.60167560271681,3.54712845906773,0.136968982554176,0,0,0
76,2.60167560271681,3.54712845906773,0.136968982554176,0,0,0
79,2.61571495634003,3.54080893328112,0.454545454545455,0,1,0
80,2.75,3,0,0,0,0
81,2.8684233215579,4,0,0,0,0
83,2.60167560271681,3.54712845906773,0.136968982554176,0,0,0
84,2.75,4,0,0,0,0
85,2.81694569160611,3.5,0.454545454545455,0,0,1
87,2.88012278291058,3.75,0,0,0,0
91,2.60167560271681,3.54712845906773,0.136968982554176,0,0,0
93,2.5,3.75,0,0,0,0
94,2.61571495634003,3.25,0.181818181818182,0,1,1
97,2.60167560271681,3.54712845906773,0.136968982554176,0,0,0
102,2.60167560271681,3.54712845906773,0.136968982554176,0,0,0
104,2.5,3.5,0.181818181818182,0,1,0
107,3.25,3.5,0.181818181818182,0,0,0
109,2.60167560271681,3.54712845906773,0.136968982554176,0,0,0
110,3.25,4,0,0,0,0
111,3.75,3.25,0.545454545454545,1,0,1
119,1.25,3.25,0,0,0,0
120,2.60167560271681,3.54712845906773,0.136968982554176,0,0,0
122,2.60167560271681,3.54712845906773,0.136968982554176,0,0,0
123,2.75,3,0.181818181818182,0,0,0
124,2.5,4,0,0,1,0
125,2.25,2.5,0.181818181818182,0,0,0
126,2.60167560271681,3.54712845906773,0.136968982554176,0,0,0
127,2.91522116696862,3.40599238316661,0,0,0,0
131,3.5,3.5,0.0909090909090909,0,0,0
135,2.91522116696862,2.5,0.181818181818182,0,0,0
137,2.25,3.25,0,0,0,0
143,3.5,4,0,0,0,0
145,2.5,4,0,0,1,0
148,2.75,3.5,0.181818181818182,0,0,0
152,2.60167560271681,3.54712845906773,0.136968982554176,0,0,0
153,2.86608342928737,3.42811072341977,0.103626674843284,0,0,0
155,2.60167560271681,3.54712845906773,0.136968982554176,0,0,0
162,2.60167560271681,3.54712845906773,0.136968982554176,0,0,0
163,2.60167560271681,3.54712845906773,0.136968982554176,0,0,0
165,1.5,2.75,0.454545454545455,1,0,0
167,3,2.25,0.0909090909090909,0,0,0
168,2.25,4,0.0909090909090909,0,0,0
170,2.60167560271681,3.54712845906773,0.136968982554176,0,0,0
171,2.60167560271681,3.54712845906773,0.136968982554176,0,0,0
172,2.60167560271681,3.54712845906773,0.136968982554176,0,0,0
173,3.25,3.25,0,0,0,0
174,2.90586159788648,3.5,0,0,0,1
176,2.89884192107487,3.413365163251,0.0994957694631738,0,0,0
178,2.60167560271681,3.54712845906773,0.136968982554176,0,0,0
182,2.5,3.75,0.0909090909090909,0,1,0
183,2.75,3.25,0.454545454545455,1,0,0
185,3,3.5,0.454545454545455,0,0,0
187,2.60167560271681,3.54712845906773,0.136968982554176,0,0,0
188,3.25,4,0,0,1,0
189,2.5,3.25,0,0,1,1
192,1.5,2.75,0,0,0,0
193,2.5,4,0,0,0,0
195,2.84268450658201,3.43864326639747,0.106577321543363,0,0,0
196,2.75,4,0.272727272727273,0,0,1
199,3,3.75,0,0,0,0
203,3.25,4,0.0909090909090909,0,1,0
204,2.25,4,0.0909090909090909,0,0,0
205,2.84268450658201,2.5,0.272727272727273,0,0,0
207,2.60167560271681,3.54712845906773,0.136968982554176,0,0,0
208,4,3.5,0.0909090909090909,0,0,0
209,2.60167560271681,3.54712845906773,0.136968982554176,0,0,0
215,2.60167560271681,3.54712845906773,0.136968982554176,0,0,0
217,2.60167560271681,3.54712845906773,0.136968982554176,0,0,0
218,2.25,3.75,0.272727272727273,0,1,0
219,2.60167560271681,3.54712845906773,0.136968982554176,0,0,0
221,2,3.5,0.181818181818182,0,0,1
222,2.60167560271681,3.54712845906773,0.136968982554176,0,0,0
223,2.60167560271681,3.54712845906773,0.136968982554176,0,0,0
224,2.60167560271681,3.54712845906773,0.136968982554176,0,0,0
225,2.25,3,0.181818181818182,0,0,0
227,2.92926052059184,2.75,0,0,0,0
230,2.75,3.25,0,0,0,0
233,2.60167560271681,3.54712845906773,0.136968982554176,0,0,0
234,3.25,3.25,0,0,0,0
235,2.5,3.75,0,0,0,0
236,2.75,4,0.0909090909090909,0,0,0
237,2.5,4,0,0,0,0
238,3.5,3,0.363636363636364,1,0,1
241,3.5,3.25,0.181818181818182,0,0,0
242,3,3.5,0,0,0,0
247,2.9596791201088,2,0,0,0,0
248,2.25,3.5,0.272727272727273,0,0,1
251,3,3.5,0,0,0,0
254,2.5,2.75,0.272727272727273,1,0,0
256,2.60167560271681,3.54712845906773,0.136968982554176,0,0,0
257,1.75,3.75,0.272727272727273,0,0,0
258,2.60167560271681,3.54712845906773,0.136968982554176,0,0,0
259,2.60167560271681,3.54712845906773,0.136968982554176,0,0,0
262,3.75,3.5,0.181818181818182,0,0,1
263,3,4,0.181818181818182,0,0,1
265,2.60167560271681,3.54712845906773,0.136968982554176,0,0,0
266,2.88480256745165,3.41968468903761,0,0,0,0
271,3.5,4,0.181818181818182,0,0,0
272,2.60167560271681,3.54712845906773,0.136968982554176,0,0,0
273,2.60167560271681,3.54712845906773,0.136968982554176,0,0,0
279,2.93394030513291,3.39756634878445,0,0,0,1
281,3,3.25,0,0,1,0
282,2.5,4,0.272727272727273,0,1,1
283,3.5,4,0,0,0,0
285,3.25,3.75,0,0,0,0
287,2.95499933556773,1.5,0.727272727272727,0,0,0
289,2.87778289064005,3,0.0909090909090909,0,1,0
291,2.60167560271681,3.54712845906773,0.136968982554176,0,0,0
292,2.88948235199273,3.75,0,0,0,0
295,2.96201901237934,2,0,0,0,0
297,2.84268450658201,2.75,0.727272727272727,1,1,0
298,2.60167560271681,3.54712845906773,0.136968982554176,0,0,0
299,2.91288127469808,3.40704563746438,0,0,0,0
300,1.75,3,0,0,0,1
301,3,4,0,0,0,0
302,2.75,4,0,0,0,0
304,2.25,3.25,0,0,0,0
305,2.60167560271681,3.54712845906773,0.136968982554176,0,0,0
306,2.88246267518112,3.25,0,0,0,1
309,2.25,3.5,0.0909090909090909,0,1,0
310,3.5,3.75,0,0,0,0
311,2.78184730754807,3.46602787813948,0.114249002963568,0,0,0
314,2.25,3.5,0,0,0,0
315,3,4,0,0,0,0
317,2.80758612252397,4,0,0,0,0
318,3.25,4,0,0,0,0
321,4,4,0,0,0,1
323,2.95031955102666,3.39019356870006,0.0930043467230003,0,0,0
324,3.25,4,0.818181818181818,1,0,0
325,2.75,3.75,0,0,0,1
326,2.8614036447463,3.43021723201531,0.1042168041833,0,0,0
330,2.5,3.75,0.363636363636364,0,1,0
331,2.75,3.5,0,0,0,0
332,2.75,3.75,0,0,0,0
334,2.85906375247576,4,0,0,0,0
338,1.5,4,0,0,0,0
339,2.60167560271681,3.25,0.545454545454545,0,1,0
340,3,3.75,0.0909090909090909,0,0,0
343,2.87778289064005,3.42284445193092,0.102151351493245,0,0,0
344,2.25,4,0.181818181818182,0,1,0
346,2.60167560271681,3.54712845906773,0.136968982554176,0,0,0
347,2.5,2.25,0,0,0,0
348,2.85204407566415,3.43443024920639,0,0,1,0
352,2.95499933556773,3,0.0909090909090909,0,1,0
355,2.60167560271681,3.54712845906773,0.136968982554176,0,0,0
356,2.25,2.25,0.272727272727273,1,0,0
357,2.60167560271681,3.54712845906773,0.136968982554176,0,0,0
359,2.25,3.25,0.545454545454545,1,1,1
365,2.8684233215579,3.427057469122,0.103331610173276,0,0,0
367,2.25,2.75,0,0,0,0
368,2.86374353701683,3.5,0.0909090909090909,1,0,1
369,2.60167560271681,3.54712845906773,0.136968982554176,0,0,0
373,2.5,3.75,0,0,0,0
376,2.5,4,0,0,0,0
377,3.25,3.25,0,0,0,0
380,3.75,3.5,0,0,0,0
382,3.75,4,0,0,0,0
386,4,4,0,0,0,0
388,2.84034461431147,3.5,0,0,0,0
389,2.60167560271681,3.54712845906773,0.136968982554176,0,0,0
391,3.25,3,0,0,0,0
394,2.75,4,0,0,0,1
396,2.60167560271681,3.54712845906773,0.136968982554176,0,0,0
397,2.60167560271681,3.54712845906773,0.136968982554176,0,0,0
399,2.60167560271681,3.54712845906773,0.136968982554176,0,0,0
401,1.75,3.25,0.0909090909090909,0,1,1
403,3,3,0,0,0,0
405,2.60167560271681,3.54712845906773,0.136968982554176,0,0,0
407,2.9269206283213,3.25,0.181818181818182,0,1,0
408,2.60167560271681,3.54712845906773,0.136968982554176,0,0,0
409,3.25,3,0,0,0,1
411,2.87076321382844,3.25,0.181818181818182,0,0,0
413,3.5,4,0,0,0,0
417,3,3.75,0,0,0,1
421,2.60167560271681,3.54712845906773,0.136968982554176,0,0,0
423,2.60167560271681,3.54712845906773,0.136968982554176,0,0,0
424,4,4,0,0,0,0
425,2.98775782735523,3.25,0,0,0,0
426,1.75,3.25,0.0909090909090909,0,0,0
427,3.25,4,0.181818181818182,0,0,1
429,2.75,4,0.272727272727273,0,0,0
430,2.60167560271681,3.54712845906773,0.136968982554176,0,0,0
432,2.9269206283213,3.75,0.454545454545455,1,1,1
435,3,2.75,0,0,0,1
436,1.75,3.5,0.181818181818182,0,0,1
437,4,3.5,0,0,0,0
440,2.81694569160611,3.75,0.0909090909090909,0,0,0
441,3.25,1.75,0,0,0,0
442,2.60167560271681,3.54712845906773,0.136968982554176,0,0,0
443,3.5,3.75,0.0909090909090909,0,0,0
445,3,4,0,0,0,0
447,2.25,2,0.0909090909090909,0,0,0
449,2.5,3.5,0.454545454545455,0,1,0
450,2.8684233215579,3.427057469122,0.103331610173276,0,0,0
453,3.5,3,0,0,0,0
454,3,3,0.0909090909090909,0,1,0
455,2.61571495634003,3.54080893328112,0.135198594534129,0,0,0
459,2.60167560271681,3.54712845906773,0.136968982554176,0,0,0
462,2.60167560271681,3.54712845906773,0.136968982554176,0,0,0
463,2.95499933556773,3.38808706010453,0.0924142173829845,0,0,0
464,2.8684233215579,3.427057469122,0,0,0,1
465,2.60167560271681,3.54712845906773,0.136968982554176,0,0,0
466,2.91990095150969,3,0,0,0,0
471,2.60167560271681,3.54712845906773,0.136968982554176,0,0,0
474,2.80524623025343,3.45549533516178,0.111298356263489,0,0,0
475,2.60167560271681,3.54712845906773,0.136968982554176,0,0,0
477,2.60167560271681,3.54712845906773,0.136968982554176,0,0,0
478,2.5,3.75,0,0,0,0
481,2.84268450658201,3,0.181818181818182,1,0,0
482,2.60167560271681,3.54712845906773,0.136968982554176,0,0,0
484,2.86374353701683,3.42916397771754,0.103921739513292,0,0,0
485,2.80758612252397,3.5,0.545454545454545,1,0,0
487,1.75,2.75,0,0,0,0
492,3.25,4,0.0909090909090909,0,0,0
493,2.60167560271681,3.54712845906773,0.136968982554176,0,0,0
496,3.5,3.5,0,0,0,1
497,3.25,3,0,0,0,0
499,3,4,0,0,0,0
501,2.75,4,0.272727272727273,0,0,0
502,2.60167560271681,3.54712845906773,0.136968982554176,0,0,0
507,2.84268450658201,3.25,0,0,0,0
508,3.75,4,0.272727272727273,0,1,0
509,2.75,3.75,0.272727272727273,0,0,0
510,2.60167560271681,3.25,0.363636363636364,0,1,0
511,2.85906375247576,3.75,0.272727272727273,0,1,1
513,1.5,3,0,0,0,0
514,2.60167560271681,3.54712845906773,0.136968982554176,0,0,0
515,2.91054138242755,3,0,0,0,0
517,2.60167560271681,3.54712845906773,0.136968982554176,0,0,0
520,3.75,3.75,0.0909090909090909,0,0,1
522,2,3.5,0.0909090909090909,0,0,0
524,2.60167560271681,3.54712845906773,0.136968982554176,0,0,0
525,4,3,0,0,0,0
528,3.5,3.25,0,0,1,1
529,2.60167560271681,3.54712845906773,0.136968982554176,0,0,0
530,2.83800472204094,3.5,0.0909090909090909,0,0,0
532,2.8356648297704,3.44180302929077,0.107462515553387,0,0,0
533,2.60167560271681,3.54712845906773,0.136968982554176,0,0,0
534,3.75,4,0,0,0,0
535,2.8356648297704,3.44180302929077,0.107462515553387,0,0,0
536,2.60167560271681,3.54712845906773,0.136968982554176,0,0,0
542,2.60167560271681,3.54712845906773,0.136968982554176,0,0,0
546,2.60167560271681,3.54712845906773,0.136968982554176,0,0,0
548,3.5,4,0,0,1,0
551,2.60167560271681,3.54712845906773,0.136968982554176,0,0,0
555,3,4,0.181818181818182,0,0,0
557,2.88012278291058,3.5,0,0,0,1
559,4,3.25,0.363636363636364,0,0,1
561,2.60167560271681,3.54712845906773,0.136968982554176,0,0,0
562,2.75,3,0,0,0,0
563,2.60167560271681,3.54712845906773,0.136968982554176,0,0,0
564,2.75,3.5,0,0,0,0
565,3.5,3.75,0.181818181818182,0,0,0
568,2.60167560271681,3.75,0.363636363636364,0,0,0
572,2.75,3.5,0,0,0,0
573,3.5,3.25,0.0909090909090909,0,1,0
575,2.5,3.75,0,0,1,0
576,3.25,3,0,0,1,1
577,3.25,4,0,0,0,0
578,2.75,3.75,0.181818181818182,0,0,0
579,2.60167560271681,3.54712845906773,0.136968982554176,0,0,0
580,2.88948235199273,3.25,0.181818181818182,0,0,0
581,2.60167560271681,3.54712845906773,0.136968982554176,0,0,0
582,2.25,3.25,0.454545454545455,0,0,0
584,3,3.25,0,0,0,0
585,2.5,3.25,0,0,0,1
586,3.5,2.75,0,0,0,0
587,3,3.75,0.181818181818182,0,1,1
588,1.25,2.75,0.0909090909090909,0,1,0
590,2.25,2.75,0,0,0,0
591,3.5,3.25,0,0,0,0
592,3.25,3.75,0,0,0,1
594,2.9596791201088,3.5,0,0,0,1
599,2.60167560271681,3.54712845906773,0.136968982554176,0,0,0
602,3,3.25,0,0,0,0
604,2.60167560271681,3.54712845906773,0.136968982554176,0,0,0
606,2.90118181334541,2.5,0.454545454545455,1,0,1
609,2.60167560271681,3.54712845906773,0.136968982554176,0,0,0
610,2.60167560271681,3.54712845906773,0.136968982554176,0,0,0
612,2.5,3.25,0.454545454545455,0,0,0
614,2.25,3.75,0.272727272727273,0,1,0
616,3,3,0.181818181818182,1,0,0
617,3.5,2.5,0,0,1,0
618,3.5,3.75,0.0909090909090909,0,0,0
620,2.60167560271681,3.54712845906773,0.136968982554176,0,0,0
622,3.5,2.5,0,0,0,0
624,3.75,3,0,0,0,0
627,2.60167560271681,3.54712845906773,0.136968982554176,0,0,0
633,3.5,3.25,0,0,0,0
635,3.5,3,0,0,1,1
636,2.8941621365338,3.25,0.0909090909090909,1,0,1
639,2.84268450658201,3.43864326639747,0.0909090909090909,0,0,0
641,2.90820149015701,3.40915214605992,0.0983155107831423,0,0,0
643,3.25,4,0,0,0,0
644,2.25,3.25,0,0,0,0
646,2.60167560271681,3.54712845906773,0.136968982554176,0,0,0
647,1.75,4,0,0,0,0
648,3.25,4,0,0,0,0
652,2.60167560271681,3.54712845906773,0.136968982554176,0,0,0
653,1.5,2.25,0.0994957694631738,0,0,0
654,2.60167560271681,3.54712845906773,0.136968982554176,0,0,0
655,2.89182224426326,3.25,0.454545454545455,0,1,0
656,2.83800472204094,3.44074977499301,0.107167450883379,0,0,0
660,2.82630526068826,3.44601604648185,0.108642774233418,0,0,0
661,3.25,3,0,0,0,0
664,3.75,3.75,0,0,0,1
666,2.5,3.5,0.0909090909090909,0,0,0
668,2.88714245972219,3.25,0,0,0,0
671,2.90586159788648,3.25,0,0,1,0
673,2.8356648297704,3.25,0.0909090909090909,0,0,0
676,2.60167560271681,3.54712845906773,0.136968982554176,0,0,0
678,3.25,3.25,0.363636363636364,0,0,1
680,3.25,4,0,0,0,0
683,2.25,3.75,0,0,0,0
684,3,3.5,0.0909090909090909,0,0,0
685,2.25,4,0,0,1,0
686,2.97605836600255,3.3786077714246,0,0,0,1
687,3,3.5,0,0,0,0
690,3.5,3.25,0,0,0,0
695,2.60167560271681,3.54712845906773,0.136968982554176,0,0,0
696,2.60167560271681,3.54712845906773,0.136968982554176,0,0,0
698,2.25,2.25,0.181818181818182,0,0,0
700,4,3.75,0,0,0,0
701,3.5,3.5,0,0,0,0
703,2.60167560271681,3.54712845906773,0.136968982554176,0,0,0
707,2.60167560271681,3.54712845906773,0.136968982554176,0,0,0
708,2.60167560271681,3.54712845906773,0.136968982554176,0,0,0
712,2.85204407566415,3.5,0.0909090909090909,0,0,0
713,3,3.75,0.0909090909090909,0,0,0
714,2.25,3.25,0,0,0,0
715,3.5,4,0,0,0,0
717,2.85204407566415,4,0.181818181818182,0,0,1
719,3,4,0,0,0,0
720,3.25,3.25,0.0909090909090909,0,0,0
726,2.60167560271681,3.54712845906773,0.136968982554176,0,0,0
727,2.98307804281416,3.37544800853129,0,0,0,0
728,3,4,0,0,0,1
730,2.61571495634003,3.54080893328112,0.135198594534129,0,0,0
732,2.60167560271681,3.54712845906773,0,0,1,0
733,3,3.75,0.454545454545455,1,0,0
738,4,3.75,0.0997908341331817,0,0,0
743,3.5,3.5,0,0,0,0
744,2.5,3.5,0.181818181818182,0,0,0
748,2.79822655344183,3.45865509805509,0.0909090909090909,0,0,1
750,2.25,3.5,0.454545454545455,1,0,0
751,1.75,3.75,0.181818181818182,0,0,0
754,2.82864515295879,3.44496279218408,0.108347709563411,0,0,0
755,2.75,3.25,0,0,0,1
758,2.60167560271681,3.54712845906773,0.136968982554176,0,0,0
759,3.25,2.75,0,0,0,0
760,1.25,3.25,0,0,0,0
761,3.5,3.5,0.0909090909090909,0,0,0
762,3,2.25,0.0909090909090909,0,0,0
763,2.60167560271681,3.54712845906773,0.136968982554176,0,0,0
766,3.25,3.25,0.727272727272727,1,0,0
772,3,4,0,0,0,0
775,2.60167560271681,3.54712845906773,0.136968982554176,0,0,0
776,2.5,4,0,0,0,1
779,2.25,3.75,0.454545454545455,0,0,0
781,2.25,2.75,0.272727272727273,0,0,0
782,2.60167560271681,3.54712845906773,0.136968982554176,0,0,0
783,2.75,4,0,0,1,1
790,3.25,3.75,0,0,0,0
791,1,3.5,0,0,0,0
793,2.60167560271681,3.54712845906773,0.136968982554176,0,0,0
794,2.60167560271681,3.54712845906773,0.136968982554176,0,0,0
795,4,3.25,0.0909090909090909,0,0,0
797,2.78886698435968,3.46286811524617,0,0,1,0
800,2.60167560271681,3.54712845906773,0.136968982554176,0,0,0
801,2.60167560271681,3.54712845906773,0,0,0,0
803,2.79354676890075,2.75,0.181818181818182,0,0,0
805,2.75,3.25,0,0,0,0
806,3.5,4,0.363636363636364,0,0,0
807,2.25,4,0.272727272727273,0,0,0
808,3.5,3.5,0.272727272727273,0,0,0
809,2.89650202880433,4,0.272727272727273,0,1,0
811,2.83098504522933,3.44390953788631,0.108052644893403,0,0,0
812,3,4,0.0909090909090909,0,1,1
813,2.80758612252397,3,0.0909090909090909,0,0,1
814,3.75,3.75,0,0,0,1
816,2.75,3,0,0,0,0
819,2.60167560271681,3.54712845906773,0.136968982554176,0,0,0
820,3.75,4,0,0,0,0
822,2.60167560271681,3.54712845906773,0.136968982554176,0,0,0
823,2.60167560271681,3.54712845906773,0.136968982554176,0,0,0
824,1.5,3.5,0,0,0,0
825,3.5,4,0,0,1,0
828,3,4,0,0,0,0
829,2.5,3.25,0.0909090909090909,0,0,0
830,3.25,4,0.0909090909090909,0,0,0
831,2.25,3,0.181818181818182,0,0,1
833,3.25,2.5,0.545454545454545,1,0,0
834,3.25,3.75,0,0,0,1
837,2.75,3.25,0.0909090909090909,0,0,1
842,2.60167560271681,3.54712845906773,0.136968982554176,0,0,0
843,2.25,4,0.0909090909090909,0,0,0
846,2.91522116696862,3.5,0.0909090909090909,0,0,0
848,3.5,4,0,0,0,0
849,2.89182224426326,3.4165249261443,0.100380963473198,0,0,0
852,2.60167560271681,3.54712845906773,0.136968982554176,0,0,0
858,2,4,0.0909090909090909,0,0,1
859,3,3,0,0,0,0
860,2.91756105923916,2.75,0.0909090909090909,0,0,0
861,2.25,3.75,0.181818181818182,0,1,0
862,2.60167560271681,3.54712845906773,0.363636363636364,1,1,0
863,2.5,2.5,0,0,0,0
865,2.75,4,0.0909090909090909,0,0,1
869,2.25,2.75,0,0,0,0
870,2.60167560271681,3.54712845906773,0.136968982554176,0,0,0
872,1.75,3,0.363636363636364,1,0,1
874,2.75,3,0,0,1,1
877,3.25,3.75,0,0,0,0
879,2.84736429112308,4,0,0,0,1
882,2.82864515295879,3.44496279218408,0.108347709563411,0,0,0
886,2.8356648297704,3.75,0,0,0,0
887,2.25,2,0.181818181818182,0,0,0
889,2.60167560271681,3.54712845906773,0.136968982554176,0,0,0
893,3.75,3.75,0,0,0,1
894,3.75,4,0,0,0,0
897,2.84502439885254,3.75,0,0,0,0
899,2.60167560271681,3.54712845906773,0.136968982554176,0,0,0
900,3.5,4,0,0,1,0
901,2.5,3.25,0.545454545454545,1,1,1
904,2.60167560271681,3.54712845906773,0.136968982554176,0,0,0
905,4,4,0.0909090909090909,0,0,0
907,2.61571495634003,3.54080893328112,0,0,0,0
911,2.25,3.75,0.0909090909090909,0,0,0
912,2.75,4,0,0,0,0
914,3.5,3.25,0.0909090909090909,1,0,0
917,3.25,3,0,0,1,0
918,2.60167560271681,3.54712845906773,0.136968982554176,0,0,0
920,2.60167560271681,3.54712845906773,0.136968982554176,0,0,0
922,2.60167560271681,3.54712845906773,0.136968982554176,0,0,0
925,1.75,3,0,1,0,1
928,3.75,3,0.0909090909090909,0,0,0
931,2.84268450658201,3.5,0.0909090909090909,0,0,0
933,2.60167560271681,3.54712845906773,0.136968982554176,0,0,0
935,2.60167560271681,3.54712845906773,0.136968982554176,0,0,0
936,2.5,3.75,0.181818181818182,0,0,0
939,3.75,2.75,0,0,0,0
943,3,3.5,0.181818181818182,0,1,1
947,2.75,4,0,0,0,0
948,2.5,2.75,0.0909090909090909,1,0,0
950,3.5,3.5,0,0,1,0
952,2.5,3.75,0.272727272727273,0,0,0
953,2.84502439885254,3.75,0.0909090909090909,0,0,0
954,3,3.75,0,0,0,0
955,2.60167560271681,3.54712845906773,0.136968982554176,0,0,0
956,3.75,4,0,0,1,0
958,2.61571495634003,3.54080893328112,0,0,0,0
961,3,4,0,0,0,0
962,2.25,3.75,0.0909090909090909,0,0,0
963,2.89182224426326,2,0,1,0,0
965,4,3,0,0,0,0
966,2.60167560271681,3.54712845906773,0.136968982554176,0,0,0
971,2.60167560271681,3.54712845906773,0.136968982554176,0,0,0
972,2.75,3.25,0.272727272727273,1,0,1
975,3,4,0.272727272727273,0,0,0
976,3,3.5,0.0909090909090909,0,0,1
980,2.79822655344183,3.45865509805509,0.112183550273513,0,0,0
981,2.75,4,0.636363636363636,0,1,0
982,2.80992601479451,3.45338882656624,0,0,0,1
983,3.75,4,0,0,0,0
986,2.60167560271681,3.54712845906773,0.136968982554176,0,0,0
991,3.25,3.75,0.181818181818182,0,0,0
993,3.25,3.75,0,0,0,0
994,2.87544299836951,3.5,0,0,0,0
995,2.60167560271681,3.54712845906773,0.136968982554176,0,0,0
998,2.60167560271681,3.54712845906773,0.136968982554176,0,0,0
1000,2.88012278291058,3.75,0.181818181818182,0,1,0
1002,2.75,3,0.181818181818182,0,0,0
1003,2.60167560271681,3.54712845906773,0.136968982554176,0,0,0
1004,2.84736429112308,3,0,0,0,0
1005,3.75,3.25,0.0909090909090909,0,0,0
1006,3,3.25,0,0,0,0
1007,2.60167560271681,3.54712845906773,0.136968982554176,0,0,0
1008,1.75,3.75,0,0,1,0
1010,3.5,4,0,0,0,0
1011,2.84970418339362,3.43548350350416,0.0909090909090909,0,0,0
1012,1.75,3,0.363636363636364,0,0,0
1013,2.8684233215579,3.5,0.272727272727273,0,1,1
1014,2.5,3.75,0.0909090909090909,0,0,1
1017,2.87310310609897,3,0.363636363636364,0,1,0
1018,3.75,4,0,0,0,0
1019,2.60167560271681,3.54712845906773,0.136968982554176,0,0,0
1024,1.5,3.75,0.0909090909090909,0,0,0
1025,2.60167560271681,3.54712845906773,0.136968982554176,0,0,0
1026,2.81226590706504,3.45233557226847,0,0,0,0
1028,2.93160041286237,3.5,0.0909090909090909,0,0,0
1029,2.5,3.5,0.636363636363636,1,1,0
1032,2.82864515295879,3,0,0,0,0
1034,2.60167560271681,3.54712845906773,0.136968982554176,0,0,0
1035,2.60167560271681,3.54712845906773,0.136968982554176,0,0,0
1039,3,4,0.181818181818182,0,0,0
1043,2.60167560271681,3.54712845906773,0.136968982554176,0,0,0
1044,3.75,3,0,1,0,0
1045,4,4,0.454545454545455,1,0,0
1049,3.75,3.75,0,0,0,1
1050,2.60167560271681,3.54712845906773,0.136968982554176,0,0,0
1052,2.60167560271681,3.54712845906773,0.136968982554176,0,0,0
1055,2.60167560271681,3.54712845906773,0.136968982554176,0,0,0
1059,3,3.25,0,0,0,0
1060,2.60167560271681,3.54712845906773,0.136968982554176,0,0,0
1062,1.75,2.5,0,0,0,0
1064,2.60167560271681,3.54712845906773,0.136968982554176,0,0,0
1065,3.25,3.25,0.181818181818182,0,0,0
1067,2.60167560271681,3.54712845906773,0.136968982554176,0,0,0
1069,2.96669879692041,3,0,1,0,1
1070,2.5,3.75,0.636363636363636,1,0,0
1071,2.97605836600255,3,0,0,0,0
1072,2.25,3.75,0.0909090909090909,0,0,0
1077,2.60167560271681,3.54712845906773,0.136968982554176,0,0,0
1079,3.75,4,0,0,0,0
1091,3.25,3.5,0,0,0,0
1092,2.5,3,0,0,1,0
1095,2.5,3,0,0,0,0
1097,4,3.75,0,0,0,1
1098,2.96435890464987,4,0,0,0,0
1103,2.89182224426326,3.5,0,0,1,0
1104,2.60167560271681,3.54712845906773,0.136968982554176,0,0,0
1105,2.75,3.25,0.0909090909090909,1,1,0
1106,3.75,4,0,0,0,0
1107,2.60167560271681,3.54712845906773,0.136968982554176,0,0,0
1113,2.84736429112308,3.43653675780193,0.105987192203347,0,0,0
1118,3.5,3.5,0.0909090909090909,0,1,0
1119,3.25,3.25,0,0,0,0
1122,2.5,3.5,0.181818181818182,0,1,1
1123,2.60167560271681,3.54712845906773,0.136968982554176,0,0,0
1124,3.5,3,0.272727272727273,0,0,0
1125,2.60167560271681,3.54712845906773,0.136968982554176,0,0,0
1128,2.60167560271681,3.54712845906773,0.136968982554176,0,0,0
1129,2.60167560271681,3.54712845906773,0.136968982554176,0,0,0
1130,3,4,0.181818181818182,1,1,0
1133,2.60167560271681,3.54712845906773,0.136968982554176,0,0,0
1134,2.88246267518112,3,0,0,0,0
1135,2.75,4,0,0,0,0
1138,2.60167560271681,3.54712845906773,0.136968982554176,0,0,0
1139,2.60167560271681,3.54712845906773,0.136968982554176,0,0,0
1140,2.96201901237934,3.38492729721122,0.0915290233729608,0,0,0
1143,1.5,3,0,0,0,0
1144,3.25,3.25,0,0,0,0
1145,2.88948235199273,3.41757818044207,0.100676028143205,0,0,0
1146,2.60167560271681,3.75,0.0909090909090909,0,0,1
1147,2.60167560271681,3.54712845906773,0.136968982554176,0,0,0
1149,2.60167560271681,3.54712845906773,0.136968982554176,0,0,0
1152,2.75,3.5,0,0,0,1
1153,2.60167560271681,3.54712845906773,0.136968982554176,0,0,0
1157,2.75,2.75,0.363636363636364,0,0,0
1159,3.5,4,0,0,0,0
1160,2.60167560271681,3.54712845906773,0.136968982554176,0,0,0
1161,2.85672386020522,3.75,0,0,0,1
1164,1.75,3.5,0,0,1,1
1166,3.5,3.75,0,0,0,0
1167,4,2.5,0.0909090909090909,0,1,0
1171,2.60167560271681,3.54712845906773,0.136968982554176,0,0,0
1172,3.5,3.5,0.0909090909090909,0,0,0
1173,2.60167560271681,3.54712845906773,0.136968982554176,0,0,0
1174,2.9269206283213,3.40072611167776,0.0959549934230792,0,0,0
1176,2.75,4,0.454545454545455,0,0,1
1177,2.60167560271681,3.54712845906773,0.136968982554176,0,0,0
1178,1.75,4,0,0,0,0
1179,2.75,3.25,0,0,0,0
1181,2.87076321382844,2.75,0.454545454545455,0,0,0
1183,3,3.25,0,0,0,1
1184,3,3.25,0,0,0,0
1185,3,3.5,0,0,0,1
1189,2.60167560271681,3.54712845906773,0.136968982554176,0,0,0
1193,2.94563976648559,2.75,0.181818181818182,0,1,0
1194,3.25,3,0,0,0,0
1196,2.60167560271681,3.54712845906773,0.136968982554176,0,0,0
1198,1.5,3,0.0909090909090909,0,1,1
1200,2.60167560271681,3.54712845906773,0.136968982554176,0,0,0
1204,3,3,0,0,0,0
1205,2.60167560271681,3.54712845906773,0.136968982554176,0,0,0
1206,2.83098504522933,3,0.0909090909090909,0,0,0
1207,2.89884192107487,3.413365163251,0.0994957694631738,0,0,0
1211,2.25,4,0.0909090909090909,0,0,0
1212,2.60167560271681,3.54712845906773,0.136968982554176,0,0,0
1214,2.5,4,0.636363636363636,0,1,0
1215,2,3.25,0,0,0,1
1219,3.25,3.5,0,0,0,0
1222,2.75,4,0,0,0,0
1223,2,4,0.0909090909090909,0,0,0
1225,3,2.75,0,0,0,0
1226,2.60167560271681,3.54712845906773,0.136968982554176,0,0,0
1228,2.88714245972219,4,0,0,0,0
1229,2.85672386020522,3.75,0,0,0,0
1231,1.75,3.25,0.101266157483221,0,0,0
1232,2,3,0,0,0,0
1234,3.75,4,0,0,0,1
1238,4,3.5,0,0,0,0
1246,2,3.25,0,0,0,0
1248,2.75,3.5,0,0,0,0
1250,2.5,3.25,0,0,0,0
1251,2.92458073605076,3.40177936597553,0.0962500580930871,0,0,0
1252,2.75,3,0.454545454545455,1,0,0
1253,3.25,3.5,0.545454545454545,1,1,0
1254,2.80992601479451,4,0,0,0,0
1255,3,3.25,0.181818181818182,0,1,1
1256,4,4,0,0,0,0
1258,3,3.25,0.181818181818182,0,1,0
1259,3,3.25,0,0,0,0
1266,2.88948235199273,3,0,0,0,0
1275,2.60167560271681,3.54712845906773,0.136968982554176,0,0,0
1276,3.25,2.75,0,0,0,0
1277,2.60167560271681,3.54712845906773,0.136968982554176,0,0,0
1279,2.60167560271681,3.54712845906773,0.136968982554176,0,0,0
1280,3,3,0.181818181818182,0,0,1
1282,3,3,0,0,0,0
1284,2.84502439885254,3.25,0,0,0,0
1286,3.5,3.5,0,0,0,0
1288,2.60167560271681,3.54712845906773,0.136968982554176,0,0,0
1289,1.75,4,0.0909090909090909,0,0,0
1297,2.84970418339362,4,0.636363636363636,0,0,0
1298,3.25,3.25,0.272727272727273,0,0,0
1301,3.25,3.25,0,0,0,0
1303,3.25,4,0,0,0,1
1304,2.25,3.75,0.0909090909090909,0,1,0
1305,2.60167560271681,3.54712845906773,0.136968982554176,0,0,0
1306,2.8941621365338,3.25,0.272727272727273,0,1,1
1307,2,3.25,0.0909090909090909,0,0,1
1308,2.60167560271681,3.54712845906773,0.136968982554176,0,0,0
1310,2.60167560271681,3.54712845906773,0.136968982554176,0,0,0
1312,3.5,2.5,0.454545454545455,1,0,0
1315,2.60167560271681,3.54712845906773,0.136968982554176,0,0,0
1316,2.60167560271681,3.54712845906773,0.136968982554176,0,0,0
1318,2.60167560271681,3.54712845906773,0.136968982554176,0,0,0
1319,1.5,2,0.0909090909090909,0,0,0
1321,2.60167560271681,3.54712845906773,0.136968982554176,0,0,0
1322,2.60167560271681,3.54712845906773,0.136968982554176,0,0,0
1323,2.75,3.75,0,0,0,0
1325,2.5,2.25,0.363636363636364,0,0,0
1326,2.84502439885254,3.75,0,0,0,0
1329,3.5,4,0,0,0,1
1331,3.25,3,0,0,0,0
1335,2.60167560271681,3.54712845906773,0.136968982554176,0,0,0
1336,3.75,3.75,0,0,0,0
1339,2.84736429112308,3.43653675780193,0.105987192203347,0,0,0
1340,3.25,4,0.0909090909090909,0,0,0
1341,2.75,2.75,0.727272727272727,1,0,0
1349,2.25,3,0.454545454545455,0,0,0
1350,2.25,4,0,0,0,0
1351,2.60167560271681,3.54712845906773,0.136968982554176,0,0,0
1352,2.75,3.25,0,0,1,0
1353,2.91990095150969,3.40388587457107,0.0968401874331028,0,0,0
1356,3.75,3.75,0,0,0,1
1358,2.60167560271681,3.54712845906773,0.136968982554176,0,0,0
1359,2.81460579933558,3,0.545454545454545,0,0,0
1361,2.86608342928737,3,0.272727272727273,0,1,0
1362,2.87778289064005,1.75,0,0,0,0
1363,2.89884192107487,3.413365163251,0.0994957694631738,0,0,0
1365,2.60167560271681,3.54712845906773,0.136968982554176,0,0,0
1366,2.60167560271681,3.54712845906773,0.136968982554176,0,0,0
1367,2.95265944329719,4,0,0,0,0
1368,2.60167560271681,3.54712845906773,0.136968982554176,0,0,0
1371,1.75,3,0,0,0,0
1372,4,3.75,0,0,0,0
1373,2.91990095150969,2.75,0,0,0,0
1375,3.25,3.75,0.0909090909090909,0,0,1
1378,2.5,3,0.454545454545455,1,0,0
1382,2.89884192107487,3.75,0.272727272727273,1,1,0
1383,2,3.75,0.363636363636364,0,0,1
1384,2.8614036447463,3.5,0,0,0,1
1386,3,4,0,0,0,0
1387,3.25,3.75,0,0,0,0
1388,3,3.25,0.272727272727273,0,0,0
1389,1.75,3,0,0,0,1
1391,3.75,4,0.363636363636364,0,1,0
1394,2.60167560271681,3.54712845906773,0.136968982554176,0,0,0
1395,2.60167560271681,3.54712845906773,0.136968982554176,0,0,0
1398,2.60167560271681,3.54712845906773,0.136968982554176,0,0,0
1402,2.75,3.25,0.636363636363636,1,0,1
1403,2.75,3.25,0.454545454545455,0,1,1
1408,1.75,3.25,0,0,1,0
1410,1.75,3,0,0,0,0
1411,2.61571495634003,3.54080893328112,0,0,1,0
1412,2,2.5,0,0,0,1
1414,2.60167560271681,3.54712845906773,0.136968982554176,0,0,0
1417,2.60167560271681,3.54712845906773,0.136968982554176,0,0,0
1418,3.75,4,0.0909090909090909,0,0,1
1420,1.5,3.75,0.272727272727273,1,0,0
1421,2.5,4,0.0909090909090909,0,0,0
1422,2.60167560271681,3.54712845906773,0.136968982554176,0,0,0
1423,2.93160041286237,3.39861960308222,0,0,0,0
1425,2.60167560271681,3.54712845906773,0.136968982554176,0,0,0
1426,2.60167560271681,3.54712845906773,0.136968982554176,0,0,0
1430,2.60167560271681,3.54712845906773,0.136968982554176,0,0,0
1432,3.75,3.75,0,0,0,0
1434,3.25,4,0,0,0,0
1435,2.60167560271681,3.54712845906773,0.136968982554176,0,0,0
1436,2.82630526068826,3.25,0.272727272727273,0,1,1
1442,2.5,3.5,0,0,0,1
1444,3.5,3.75,0,0,0,1
1445,2.60167560271681,3.54712845906773,0.136968982554176,0,0,0
1448,2.75,3,0,0,1,0
1452,2.5,3.5,0.272727272727273,1,1,1
1453,2.5,3,0,0,0,1
1460,3.75,4,0,0,1,0
1462,3.5,3.25,0.0909090909090909,0,0,1
1463,2.89884192107487,2.75,0,0,0,0
1465,4,4,0,0,0,0
1467,3.25,4,0.181818181818182,0,0,0
1468,2.60167560271681,3.54712845906773,0.136968982554176,0,0,0
1469,2.60167560271681,3.54712845906773,0.136968982554176,0,0,0
1471,3,3,0.272727272727273,1,0,0
1473,2.25,3.75,0,0,0,0
1474,2.75,3.5,0.0909090909090909,0,0,1
1475,2.60167560271681,3.54712845906773,0.136968982554176,0,0,0
1476,2.5,3.75,0.272727272727273,0,1,0
1477,4,4,0,0,0,0
1480,2,3.5,0,0,0,0
1483,4,2.5,0.0909090909090909,0,0,0
1484,3,4,0.363636363636364,1,1,0
1485,3,3,0,0,0,0
1486,2.60167560271681,3.54712845906773,0.136968982554176,0,0,0
1487,1.75,2.75,0.363636363636364,0,0,1
1490,1.75,3.25,0,0,0,0
1495,2.25,3.5,0.0909090909090909,0,0,1
1496,2.89650202880433,3.25,0,0,0,0
1499,2.75,3.25,0.363636363636364,0,0,0
1500,2.25,4,0,0,0,0
1505,3,3.75,0,0,0,0
1506,3.75,4,0,0,0,0
1510,3,2.75,0,0,0,0
1511,2.82864515295879,3.44496279218408,0,0,0,0
1514,3.25,3.25,0,1,0,1
1517,2.60167560271681,3.54712845906773,0.136968982554176,0,0,0
1518,2.25,4,0.818181818181818,1,0,0
1521,3.25,4,0,0,0,0
1523,3.25,4,0,0,0,0
1524,2.60167560271681,3.54712845906773,0.136968982554176,0,0,0
1525,2.60167560271681,3.54712845906773,0.136968982554176,0,0,0
1529,2.60167560271681,3.54712845906773,0.136968982554176,0,0,0
1530,3.25,3.75,0.0909090909090909,0,0,0
1533,2.25,2.75,0,0,0,1
1534,2.5,3.25,0.0909090909090909,0,0,1
1535,2.60167560271681,3.54712845906773,0.136968982554176,0,0,0
1537,2.60167560271681,3.54712845906773,0.136968982554176,0,0,0
1538,3,2.5,0,0,0,0
1539,2.60167560271681,3.54712845906773,0.136968982554176,0,0,0
1542,2.84970418339362,3.5,0,0,0,0
1545,1.75,3.25,0.0909090909090909,0,0,0
1547,3.5,3.25,0,0,1,0
1550,2.60167560271681,3.25,0,0,0,1
1551,2.60167560271681,3.54712845906773,0.136968982554176,0,0,0
1553,2.60167560271681,3.54712845906773,0.136968982554176,0,0,0
1555,1.5,4,0,0,0,0
1557,2.75,4,0,0,0,0
1560,2.60167560271681,3.54712845906773,0.136968982554176,0,0,0
1562,2.94563976648559,3,0.272727272727273,0,0,1
1563,2.75,2.5,0,0,0,0
1564,2.25,3.25,0,0,0,0
1566,3.75,3.25,0,0,0,0
1569,3.5,3.75,0.0909090909090909,0,0,0
1570,2.60167560271681,3.54712845906773,0.136968982554176,0,0,0
1572,1.5,3.25,0.0909090909090909,0,0,0
1573,3.5,3.75,0,0,0,0
1574,3.5,3.5,0,0,0,0
1576,2.60167560271681,3.54712845906773,0.136968982554176,0,0,0
1578,2.87310310609897,3.42495096052646,0.102741480833261,0,0,0
1580,2.8684233215579,3.427057469122,0.103331610173276,0,0,0
1583,2.97137858146148,2.25,0,0,0,1
1584,3,4,0,0,0,0
1585,2.60167560271681,3.54712845906773,0.136968982554176,0,0,0
1588,3.5,3.75,0.0909090909090909,0,0,1
1590,3.5,3,0.0909090909090909,0,1,1
1592,3.5,4,0.181818181818182,0,0,0
1593,3,3.75,0,0,0,0
1594,2.88948235199273,3,0.363636363636364,0,0,1
1596,2.82162547614718,3.75,0,0,0,1
1598,2.60167560271681,3.54712845906773,0.136968982554176,0,0,0
1599,2.60167560271681,3.54712845906773,0.136968982554176,0,0,0
1602,3.25,4,0,0,0,0
1603,3.5,3,0.363636363636364,0,0,1
1604,1.5,2.5,0.0909090909090909,0,0,0
1605,2.5,3.5,0,0,0,0
1606,2.60167560271681,3.54712845906773,0.136968982554176,0,0,0
1608,3.5,3.5,0,0,0,0
1611,3,4,0.181818181818182,0,1,0
1612,3.25,3.5,0.181818181818182,0,0,1
1613,2.60167560271681,3.54712845906773,0.136968982554176,0,0,0
1614,2.60167560271681,3.54712845906773,0.136968982554176,0,0,0
1615,2.60167560271681,3.54712845906773,0.136968982554176,0,0,0
1616,2.96669879692041,2.75,0,0,0,0
1618,2.60167560271681,3.54712845906773,0.136968982554176,0,0,0
1619,2.86608342928737,3.5,0,0,0,0
1620,4,3.75,0.272727272727273,0,0,1
1621,3,4,0,0,0,0
1622,2.60167560271681,3.54712845906773,0.136968982554176,0,0,0
1624,2.75,4,0.0909090909090909,0,0,0
1626,2.75,3.25,0.454545454545455,0,0,0
1628,2.75,2.75,0,0,0,1
1630,2.60167560271681,3.54712845906773,0.136968982554176,0,0,0
1632,3.25,3.5,0.727272727272727,1,1,0
1633,2.82630526068826,3.44601604648185,0.108642774233418,0,0,0
1634,1.5,3.25,0.0909090909090909,0,0,0
1637,3.75,3.75,0,0,0,1
1638,2.60167560271681,3.54712845906773,0.136968982554176,0,0,0
1639,2.25,3,0,0,0,0
1640,2.60167560271681,3.54712845906773,0.136968982554176,0,0,0
1641,2.97137858146148,3.75,0,0,0,1
1642,2.60167560271681,3.54712845906773,0.136968982554176,0,0,0
1643,3,4,0,0,0,0
1646,3.25,3.75,0,0,0,1
1648,3.5,3.5,0.0909090909090909,0,0,0
1650,2.79354676890075,3.25,0,0,1,0
1652,2,3,0.272727272727273,0,0,1
1653,2.60167560271681,3.54712845906773,0.136968982554176,0,0,0
1654,3,4,0.272727272727273,1,0,1
1657,3.25,4,0.108052644893403,0,0,1
1659,2.60167560271681,3.54712845906773,0.136968982554176,0,0,0
1660,2.5,3.25,0.0909090909090909,0,0,1
1663,4,4,0,0,0,0
1664,3.5,4,0,0,0,0
1666,2.74908881576057,3.48077343830825,0.118379908343679,0,0,0
1667,3.25,3,0,0,1,1
1668,2.60167560271681,3.54712845906773,0.136968982554176,0,0,0
1670,3.75,3.5,0.0909090909090909,0,1,0
1675,2.96435890464987,3,0,0,0,0
1677,3.5,3.5,0.0909090909090909,0,0,0
1679,2.5,4,0.0909090909090909,0,0,1
1680,2.90352170561594,4,0,0,0,0
1682,2,4,0.363636363636364,0,0,0
1686,2,2,0,0,0,0
1688,2,3.25,0,0,0,0
1690,2.60167560271681,3.54712845906773,0.136968982554176,0,0,0
1691,2.60167560271681,3.54712845906773,0.136968982554176,0,0,0
1692,3,4,0,0,0,0
1696,2.5,4,0,0,0,0
1699,2.60167560271681,3.54712845906773,0.136968982554176,0,0,0
1701,2.90820149015701,3.25,0.181818181818182,0,0,0
1702,3.5,3.75,0,0,0,0
1707,2.60167560271681,3.54712845906773,0.136968982554176,0,0,0
1709,2.60167560271681,3.54712845906773,0.136968982554176,0,0,0
1712,2.60167560271681,3.54712845906773,0.136968982554176,0,0,0
1713,3,3.75,0.454545454545455,0,0,1
1715,2.94563976648559,3.5,0,0,0,0
1716,2.60167560271681,3.54712845906773,0.136968982554176,0,0,0
1719,2.60167560271681,3.54712845906773,0.136968982554176,0,0,0
1722,2.60167560271681,3.54712845906773,0.136968982554176,0,0,0
1723,2.5,2.75,0,0,0,1
1724,2.25,2.75,0.181818181818182,1,0,0
1726,3.75,3.5,0.0909090909090909,0,0,0
1729,2.96903868919095,3.5,0,0,0,0
1732,4,2.75,0,0,0,1
1733,1.75,3.75,0.0909090909090909,0,0,0
1734,2.88480256745165,3.25,0,0,0,1
1735,3.5,3,0,0,0,0
1737,2.5,3.25,0,0,1,0
1739,3.5,3.25,0,0,0,1
1740,3,3,0,0,0,1
1741,3,4,0,0,0,0
1744,2,3.75,0,0,0,0
1746,3.5,3.25,0.0909090909090909,0,0,0
1750,2.75,3.75,0,0,0,1
1753,1.5,3.75,0.181818181818182,0,1,0
1755,3.25,3.75,0,0,0,1
1756,2.84268450658201,4,0.0909090909090909,0,0,0
1757,3.25,3.5,0.0909090909090909,0,1,0
1758,2.60167560271681,3.54712845906773,0.136968982554176,0,0,0
1759,2.60167560271681,3.54712845906773,0.136968982554176,0,0,0
1761,2.5,3.5,0.272727272727273,0,0,0
1762,2.60167560271681,3.54712845906773,0.136968982554176,0,0,0
1763,1.5,3.25,0.181818181818182,0,0,0
1765,2.87076321382844,3.25,0.454545454545455,0,0,0
1771,1.25,3,0.0909090909090909,0,0,0
1772,2.5,4,0.272727272727273,0,0,0
1774,2.60167560271681,3.54712845906773,0.136968982554176,0,0,0
1776,2.60167560271681,3.54712845906773,0.136968982554176,0,0,0
1783,2,3,0,1,0,0
1784,2.60167560271681,3.54712845906773,0.136968982554176,0,0,0
1786,2.60167560271681,3.54712845906773,0.136968982554176,0,0,0
1788,3,3.25,0.181818181818182,0,0,0
1790,2.75,4,0.272727272727273,0,0,0
1791,2.93394030513291,3.75,0,0,0,0
1793,2,3.75,0,0,0,0
1795,2.5,3.25,0,0,0,0
1797,2.88246267518112,3.42073794333538,0.101561222153229,0,0,0
1800,2.87544299836951,2.75,0,0,1,0
1802,2.60167560271681,3.54712845906773,0.136968982554176,0,0,0
1804,3.25,3.5,0,0,0,0
1806,2,4,0,0,0,1
1807,2.8684233215579,3,0.0909090909090909,0,0,0
1808,3.75,3.75,0,0,0,0
1809,2.60167560271681,3.54712845906773,0.136968982554176,0,0,0
1810,3.5,3,0.363636363636364,0,1,1
1812,3.25,4,0.272727272727273,1,0,0
1814,2.5,3.75,0.0909090909090909,0,0,1
1815,3,4,0,0,0,0
1816,2.60167560271681,3.54712845906773,0.136968982554176,0,0,0
1817,2.75,3.75,0,0,0,1
1819,2.95031955102666,3.39019356870006,0,0,0,0
1821,2.5,4,0,0,1,0
1822,2.60167560271681,3.54712845906773,0.136968982554176,0,0,0
1824,4,3.5,0,0,0,1
1825,2.25,4,0.181818181818182,0,0,0
1827,2.96201901237934,3.25,0,0,0,0
1829,2.85438396793469,3.75,0,0,0,0
1831,3.25,4,0,0,0,0
1833,3.25,3,0,0,0,0
1834,2.60167560271681,3.54712845906773,0,0,0,1
1835,2.60167560271681,3.54712845906773,0.136968982554176,0,0,0
1838,3,3.5,0,0,0,0
1839,2.84970418339362,4,0.0909090909090909,0,0,0
1842,2.60167560271681,3.54712845906773,0.136968982554176,0,0,0
1846,2.25,3.5,0.363636363636364,0,0,1
1848,2.60167560271681,3.54712845906773,0.136968982554176,0,0,0
1852,3.25,3.25,0,0,0,0
1859,2.90118181334541,3.41231190895323,0.099200704793166,0,0,0
1860,2.80758612252397,3.45444208086401,0.111003291593482,0,0,0
1863,3,3.5,0.0909090909090909,0,0,0
1864,2.91054138242755,3.40809889176215,0.0980204461131344,0,0,0
1868,2.88480256745165,3,0.181818181818182,0,0,0
1869,2.60167560271681,3.54712845906773,0.136968982554176,0,0,0
1873,2.25,3.25,0,0,0,0
1874,2.25,3.75,0.181818181818182,0,0,0
1875,3,4,0.181818181818182,0,0,0
1876,2.60167560271681,3.54712845906773,0.136968982554176,0,0,0
1878,2.75,4,0.0909090909090909,0,1,0
1879,2.60167560271681,3.54712845906773,0.136968982554176,0,0,0
1880,2.89884192107487,3.413365163251,0.0994957694631738,0,0,0
1881,2.75,3,0.0909090909090909,0,0,0
1883,2.75,3,0.181818181818182,0,0,0
1884,2.60167560271681,3.54712845906773,0.136968982554176,0,0,0
1886,1.75,3.25,0.272727272727273,0,1,0
1887,2.60167560271681,3.54712845906773,0.136968982554176,0,0,0
1888,2.75,2.75,0.0909090909090909,0,0,0
1893,3.5,3.25,0,0,0,0
1897,2.25,3,0.0909090909090909,0,0,0
1900,1,3,0,0,0,0
1903,3,3.75,0.454545454545455,0,1,0
1906,1.75,3.5,0,0,1,0
1907,3.25,3.5,0,0,0,0
1909,3.5,3,0.0909090909090909,0,0,0
1911,3.25,3.25,0.0909090909090909,0,0,1
1912,3.5,3,0.454545454545455,0,0,1
1916,2.60167560271681,3.54712845906773,0.136968982554176,0,0,0
1918,2.60167560271681,3.54712845906773,0.136968982554176,0,0,0
1920,1.75,3,0,0,0,0
1921,2.60167560271681,3.54712845906773,0.136968982554176,0,0,0
1922,2.60167560271681,3.54712845906773,0.136968982554176,0,0,0
1927,4,3.5,0.0909090909090909,0,1,0
1928,2.92224084378023,1.5,0,0,0,0
1932,2.25,4,0.272727272727273,0,0,0
1933,2.25,3.25,0.363636363636364,0,0,0
1936,2.60167560271681,3.54712845906773,0.136968982554176,0,0,0
1937,2.60167560271681,3.54712845906773,0.136968982554176,0,0,0
1938,2.60167560271681,3.54712845906773,0.136968982554176,0,0,0
1941,4,2.75,0.0909090909090909,0,1,0
1942,2.25,4,0,0,0,0
1950,2.60167560271681,3.54712845906773,0.136968982554176,0,0,0
1953,2.75,3.44706930077962,0,0,0,0
1954,2.25,3.75,0.0909090909090909,0,0,1
1955,2.8614036447463,3,0.0909090909090909,0,0,0
1957,2.60167560271681,3.54712845906773,0.136968982554176,0,0,0
1958,3.25,3.25,0.272727272727273,1,0,0
1960,2.76546806165432,3.47340065822386,0.116314455653624,0,0,0
1965,1.75,4,0.454545454545455,0,0,1
1968,2.60167560271681,3.54712845906773,0.136968982554176,0,0,0
1969,2.60167560271681,3.54712845906773,0.136968982554176,0,0,0
1970,2.5,3.75,0.0909090909090909,0,0,1
1972,2.60167560271681,3.54712845906773,0.136968982554176,0,0,0
1978,4,3.5,0,0,0,0
1980,2.88948235199273,3.41757818044207,0.100676028143205,0,0,0
1981,3,3,0,0,0,0
1992,2.75,3.5,0,0,0,0
1993,2.60167560271681,3.54712845906773,0.136968982554176,0,0,0
1995,2.83800472204094,3.25,0,0,0,0
2001,2.88246267518112,3.42073794333538,0.101561222153229,0,0,0
2002,2.60167560271681,3.54712845906773,0.136968982554176,0,0,0
2006,3.25,4,0,0,0,0
2007,2.60167560271681,3.54712845906773,0.136968982554176,0,0,0
2008,2.60167560271681,3.54712845906773,0.136968982554176,0,0,0
2012,3.25,3.25,0.363636363636364,0,0,1
2014,3.5,3.75,0,0,0,0
2015,2,3.25,0.363636363636364,0,0,0
2020,4,3.75,0,0,0,0
2022,2.8356648297704,3.44180302929077,0.107462515553387,0,0,0
2024,2.25,3.25,0,0,0,1
2025,2.60167560271681,3.54712845906773,0.136968982554176,0,0,0
2027,2.5,4,0.0909090909090909,0,0,1
2028,2.8356648297704,3.44180302929077,0.107462515553387,0,0,0
2030,2.75,4,0,0,0,0
2032,3.25,4,0,0,0,0
2033,2.60167560271681,3.54712845906773,0.136968982554176,0,0,0
2034,2.60167560271681,3.54712845906773,0.136968982554176,0,0,0
2035,2.60167560271681,3.54712845906773,0.136968982554176,0,0,0
2036,3.25,3.5,0.363636363636364,0,0,0
2038,2.5,3.25,0.181818181818182,0,0,1
2039,2.83098504522933,3.5,0,0,0,0
2041,3.25,3.75,0.181818181818182,0,0,1
2045,2.60167560271681,3.54712845906773,0.136968982554176,0,0,0
2052,3.5,4,0,0,0,0
2054,3.25,3.75,0.0909090909090909,0,0,0
2055,2.60167560271681,3.54712845906773,0.136968982554176,0,0,0
2056,3.75,4,0,0,0,0
2058,2.25,3,0,0,1,0
2059,2.91522116696862,3.40599238316661,0.0974303167731186,0,0,0
2062,3.5,4,0.454545454545455,0,0,0
2063,2.60167560271681,3.54712845906773,0.136968982554176,0,0,0
2066,1.75,3,0,0,0,1
2067,2.75,3,0.0909090909090909,0,0,0
2069,1.75,3.75,0,0,0,0
2070,3.25,4,0,0,0,0
2071,3.25,3.5,0.181818181818182,0,0,1
2073,2.60167560271681,3.54712845906773,0.136968982554176,0,0,0
2075,2.94797965875612,3.5,0,0,0,0
2076,2.60167560271681,3.54712845906773,0.136968982554176,0,0,0
2077,2.25,2.5,0,0,0,0
2079,2.25,3.75,0.272727272727273,1,0,1
2084,2.25,3.25,0.454545454545455,0,0,1
2092,3.75,4,0,0,0,0
2094,2.92458073605076,2.75,0.363636363636364,0,0,1
2095,2.25,2.75,0,0,0,0
2097,2.60167560271681,3.54712845906773,0.136968982554176,0,0,0
2099,3.25,3.25,0,0,0,0
2102,3.5,4,0,0,0,0
2103,2.5,4,0.454545454545455,0,0,0
2107,2.5,4,0,0,0,0
2109,3.5,4,0,0,0,0
2110,2.75,3.5,0,0,0,0
2111,2.60167560271681,3.54712845906773,0.136968982554176,0,0,0
2114,2.60167560271681,3.54712845906773,0.136968982554176,0,0,0
2115,3.25,3.75,0.0909090909090909,0,0,0
2117,1.75,4,0.272727272727273,0,0,0
2118,3,3.75,0.0909090909090909,0,1,0
2119,2.75,3.75,0,0,0,0
2120,3.5,3,0,0,0,0
2121,1.75,1.75,0,0,0,0
2124,3.5,4,0,0,0,0
2126,3.75,3.25,0.0909090909090909,0,0,0
2128,2.88012278291058,3.75,0,0,0,0
2129,2.60167560271681,3.54712845906773,0.136968982554176,0,0,0
2130,3.5,3.75,0.0909090909090909,0,1,0
2134,2.83800472204094,2.75,0,0,1,0
2135,2.60167560271681,3.54712845906773,0.136968982554176,0,0,0
2137,2.88714245972219,3.5,0,0,0,0
2140,1.75,3,0,0,0,0
2141,2.60167560271681,3.54712845906773,0.136968982554176,0,0,0
2142,2.5,3.5,0,0,0,0
2143,2.60167560271681,3.54712845906773,0.136968982554176,0,0,0
2144,2.60167560271681,3.54712845906773,0.136968982554176,0,0,0
2146,2.60167560271681,3.54712845906773,0.136968982554176,0,0,0
2147,2.60167560271681,3.54712845906773,0.136968982554176,0,0,0
2149,3,2.75,0,0,0,1
2150,2.75,3.5,0.363636363636364,0,1,0
2151,3.25,4,0,0,0,0
2157,2.92458073605076,3.40177936597553,0.0962500580930871,0,0,0
2160,3,3,0,0,0,0
2162,2.60167560271681,3.54712845906773,0.136968982554176,0,0,0
2165,2.88012278291058,3.75,0,0,1,0
2166,3.75,2.75,0.181818181818182,0,0,1
2169,2.73036967759629,3.75,0.0909090909090909,0,0,1
2171,2.60167560271681,3.54712845906773,0.136968982554176,0,0,0
2174,2.5,3.25,0.0909090909090909,0,0,0
2175,2.5,2.5,0,0,1,0
2177,3.75,3.25,0,0,0,1
2180,3.75,3.5,0,0,0,0
2181,2.93394030513291,3.25,0,0,1,0
2182,2,3,0,0,0,0
2184,2.60167560271681,3.54712845906773,0.136968982554176,0,0,0
2185,3,3.75,0.363636363636364,0,1,0
2186,1.75,4,0.0909090909090909,0,0,0
2189,3.5,3.25,0,0,0,0
2190,1.75,3.75,0.0909090909090909,0,0,0
2193,3.25,3.25,0.181818181818182,0,1,0
2194,2.60167560271681,3.54712845906773,0.136968982554176,0,0,0
2195,2.60167560271681,3.54712845906773,0.136968982554176,0,0,0
2196,2.60167560271681,3.54712845906773,0.136968982554176,0,0,0
2197,1.75,2.75,0.272727272727273,0,0,0
2200,3.75,3.75,0,0,0,0
2203,3,3.5,0.181818181818182,0,0,0
2206,2.60167560271681,3.54712845906773,0.136968982554176,0,0,0
2207,1.5,3,0,0,1,0
2208,2.60167560271681,3.54712845906773,0.136968982554176,0,0,0
2209,4,3.75,0.181818181818182,0,0,0
2213,2.75,3.5,0,0,1,0
2215,1.75,3.75,0.0909090909090909,0,0,0
2216,2.84034461431147,3.75,0.181818181818182,0,1,0
2217,3,3.5,0.0909090909090909,0,1,0
2221,2.82396536841772,3,0.272727272727273,0,1,0
2223,2.60167560271681,3.54712845906773,0.136968982554176,0,0,0
2227,3,3.75,0.0909090909090909,0,0,0
2228,2.5,3,0.363636363636364,0,0,0
2232,2.91288127469808,3,0.0909090909090909,0,0,1
2233,3,3.25,0.363636363636364,0,0,0
2234,2.75,3.75,0.181818181818182,0,0,0
2235,2.75,3.75,0.454545454545455,0,0,0
2236,3.25,3.25,0,0,0,0
2239,2.75,3.5,0,0,0,0
2241,2.60167560271681,3.54712845906773,0.136968982554176,0,0,0
2248,2.75,3.25,0,0,0,1
2249,3.5,3.5,0,0,1,1
2255,2.95031955102666,4,0.272727272727273,0,1,1
2256,2.89182224426326,2.25,0,0,0,0
2257,2.61571495634003,3.54080893328112,0.135198594534129,0,0,0
2258,2.87310310609897,3.42495096052646,0.102741480833261,0,0,0
2259,2.60167560271681,3.54712845906773,0.136968982554176,0,0,0
2260,2.75,3,0,0,0,0
2261,2.60167560271681,3.54712845906773,0.136968982554176,0,0,0
2263,2.60167560271681,3.54712845906773,0.136968982554176,0,0,0
2264,2.60167560271681,3.54712845906773,0.136968982554176,0,0,0
2265,2.5,3,0.454545454545455,0,0,0
2266,3.75,3.75,0.454545454545455,0,0,0
2268,2.60167560271681,3.54712845906773,0.136968982554176,0,0,0
2271,2.60167560271681,3.54712845906773,0.136968982554176,0,0,0
2273,3,3.5,0,0,0,1
2274,4,3.75,0.545454545454545,0,1,1
2279,2.82630526068826,3,0.0909090909090909,0,0,0
2283,2.87544299836951,3.42389770622869,0.102446416163253,0,0,0
2285,2.88480256745165,3.41968468903761,0.101266157483221,0,0,0
2287,2.60167560271681,3.54712845906773,0.136968982554176,0,0,0
2289,2,3.75,0,0,0,1
2290,2.87076321382844,3.42600421482423,0.103036545503269,0,0,0
2292,2.60167560271681,3.54712845906773,0.136968982554176,0,0,0
2294,4,4,0,0,0,0
2295,2.60167560271681,3.54712845906773,0.136968982554176,0,0,0
2296,2.84970418339362,3.43548350350416,0.10569212753334,0,0,0
2297,2.60167560271681,3.54712845906773,0.136968982554176,0,0,0
2298,2.5,3.5,0.181818181818182,0,0,0
2301,2.60167560271681,3.54712845906773,0.136968982554176,0,0,0
2302,2.25,3.25,0.454545454545455,0,0,1
2305,4,3.5,0,0,0,1
2307,2.60167560271681,3.54712845906773,0.136968982554176,0,0,0
2309,2.60167560271681,3.54712845906773,0.136968982554176,0,0,0
2310,4,4,0,0,0,0
2311,2.60167560271681,3.54712845906773,0.136968982554176,0,0,0
2313,2.91756105923916,3.40493912886884,0.0971352521031107,0,0,0
2317,2.25,3,0.363636363636364,1,0,0
2321,2.75,3.5,0,0,0,1
2322,2.25,3.25,0.181818181818182,0,0,0
2324,2,3,0,0,0,1
2325,3.25,3.5,0,0,0,0
2326,4,3.75,0,0,0,0
2328,2.60167560271681,3.54712845906773,0.136968982554176,0,0,0
2329,2.60167560271681,3.54712845906773,0.136968982554176,0,0,0
2332,2.60167560271681,3.54712845906773,0.136968982554176,0,0,0
2333,1,3.25,0.0909090909090909,0,0,0
2335,2.60167560271681,3.54712845906773,0.136968982554176,0,0,0
2336,2.75,4,0.181818181818182,0,0,0
2338,2.91054138242755,1.25,0.181818181818182,0,0,0
2339,2,2.5,0,0,0,0
2342,2.60167560271681,3.54712845906773,0.136968982554176,0,0,0
2344,2.60167560271681,3.54712845906773,0.136968982554176,0,0,0
2345,2.83098504522933,3.44390953788631,0.108052644893403,0,0,0
2346,2.25,3.25,0.272727272727273,0,0,0
2348,2,3,0,0,0,0
2350,2.5,2.5,0.363636363636364,0,0,0
2351,2.25,3.75,0,0,0,0
2353,2.60167560271681,3.54712845906773,0.136968982554176,0,0,0
2354,2.89884192107487,3.413365163251,0.0994957694631738,0,0,0
2355,2.8941621365338,3.41547167184653,0.10008589880319,0,0,0
2356,2.60167560271681,3.54712845906773,0.136968982554176,0,0,0
2357,3,3,0,0,0,0
2358,1.75,2.75,0.272727272727273,0,0,0
2361,3,3.75,0,0,0,0
2362,2.75,2.5,0.363636363636364,1,1,1
2363,2.60167560271681,3.54712845906773,0.136968982554176,0,0,0
2366,3,3.75,0.272727272727273,0,1,0
2367,2.60167560271681,3.54712845906773,0.136968982554176,0,0,0
2369,2.5,4,0,0,0,1
2370,3,3.25,0,0,1,1
2372,2.25,3.25,0.363636363636364,0,1,1
2373,2.97839825827309,3,0.0909090909090909,0,0,0
2374,3.5,4,0,0,0,0
2375,2.60167560271681,3.54712845906773,0.136968982554176,0,0,0
2376,3.5,4,0,0,0,1
2379,2.60167560271681,3.54712845906773,0.136968982554176,0,0,0
2380,2.83332493749986,3.5,0.181818181818182,0,0,0
2382,2.60167560271681,3.54712845906773,0.136968982554176,0,0,0
2383,2,2.5,0,0,0,0
2384,2.60167560271681,3.54712845906773,0.136968982554176,0,0,0
2385,2.75,3.25,0,0,0,0
2386,2.83098504522933,4,0.636363636363636,1,0,0
2387,2.60167560271681,3.54712845906773,0.136968982554176,0,0,0
2389,2.25,3.75,0.545454545454545,0,0,0
2395,2.60167560271681,3.54712845906773,0.136968982554176,0,0,0
2397,2.83098504522933,2.75,0.363636363636364,0,0,0
2398,3.25,2.75,0.0909090909090909,0,0,0
2399,2.60167560271681,3.54712845906773,0.136968982554176,0,0,0
2403,2.75,3.75,0,0,0,0
2406,3.25,3,0.272727272727273,0,0,0
2407,3.25,3.25,0,0,0,1
2409,2.9269206283213,3,0.181818181818182,0,0,0
2410,2.60167560271681,3.54712845906773,0.136968982554176,0,0,0
2411,3.25,2.25,0.0909090909090909,0,0,0
2412,2.25,3.75,0.545454545454545,0,0,1
2415,2.60167560271681,3.54712845906773,0.136968982554176,0,0,0
2418,2.97839825827309,2.75,0,0,0,0
2420,2.5,4,0,0,0,0
2422,2.5,3,0,0,0,1
2423,2.83098504522933,3.44390953788631,0.108052644893403,0,0,0
2424,2.60167560271681,3.54712845906773,0.136968982554176,0,0,0
2426,2.94797965875612,3.75,0,0,0,0
2427,2.5,3.75,0.272727272727273,0,0,0
2430,3.75,3.75,0,0,1,1
2431,2.60167560271681,3.54712845906773,0.136968982554176,0,0,0
2432,2.60167560271681,3.54712845906773,0.136968982554176,0,0,0
2434,4,3.75,0,0,0,0
2436,4,3.25,0,0,0,0
2438,2.60167560271681,3.54712845906773,0.136968982554176,0,0,0
2439,2.60167560271681,3.54712845906773,0.136968982554176,0,0,0
2441,4,3.5,0,0,0,1
2443,2.83098504522933,3.44390953788631,0,0,0,0
2444,2.60167560271681,3.54712845906773,0.136968982554176,0,0,0
2448,2.75,3.25,0,0,0,1
2449,2.75,4,0,0,0,0
2453,3.75,4,0.363636363636364,0,1,1
2455,3.25,4,0.0909090909090909,0,1,1
2456,2.84034461431147,3.75,0,0,0,0
2457,2.60167560271681,3.54712845906773,0.136968982554176,0,0,0
2459,2.60167560271681,3.54712845906773,0.136968982554176,0,0,0
2460,1.5,2.5,0.272727272727273,0,0,0
2461,2.60167560271681,3.54712845906773,0.136968982554176,0,0,0
2465,2.25,4,0,0,0,0
2466,2.60167560271681,3.54712845906773,0.136968982554176,0,0,0
2468,2.5,3.75,0.0909090909090909,0,0,0
2469,2.88714245972219,3,0.636363636363636,1,0,0
2470,2.80524623025343,3,0,0,1,0
2473,2.90586159788648,4,0.0909090909090909,0,0,0
2476,2.60167560271681,3.54712845906773,0.136968982554176,0,0,0
2477,2,4,0,0,1,0
2479,2.88480256745165,4,0,0,0,1
2480,2.60167560271681,3.54712845906773,0.136968982554176,0,0,0
2481,3.75,3.5,0,0,0,0
2483,3.25,2.5,0,0,0,0
2489,2.75,3,0.363636363636364,0,0,0
2490,2.5,3.25,0.181818181818182,0,1,1
2491,2.5,3.25,0,0,0,0
2494,3,3.25,0.0909090909090909,0,0,0
2497,3.75,3.5,0,0,0,0
2498,2.60167560271681,3.54712845906773,0.136968982554176,0,0,0
2499,2.60167560271681,3.54712845906773,0.136968982554176,0,0,0
2500,2.88480256745165,4,0,1,1,1
2501,2.60167560271681,3.54712845906773,0.136968982554176,0,0,0
2502,3.75,4,0,0,0,0
2503,3,4,0.0909090909090909,0,0,1
2504,2.91990095150969,3,0.0909090909090909,0,1,1
2505,2.25,3,0,0,0,1
2507,2.60167560271681,3.54712845906773,0.136968982554176,0,0,0
2508,2.60167560271681,3.54712845906773,0.136968982554176,0,0,0
2512,2.5,4,0,0,0,1
2516,3.25,4,0.363636363636364,0,0,1
2517,2.8356648297704,3.5,0.0909090909090909,0,1,0
2521,2.60167560271681,3.54712845906773,0.136968982554176,0,0,0
2522,3.25,4,0,0,0,0
2523,2.75,3.75,0.181818181818182,0,0,0
2524,2.60167560271681,3.54712845906773,0.136968982554176,0,0,0
2525,3.25,4,0,0,0,0
2526,2,2.5,0,0,0,0
2527,3.5,3.25,0,0,0,0
2531,3.25,2.75,0,0,0,0
2533,2.8614036447463,3.43021723201531,0,0,0,0
2536,4,4,0.0909090909090909,0,0,0
2537,2.8356648297704,3.5,0,0,0,0
2540,2.82396536841772,3.44706930077962,0.108937838903426,0,0,0
2541,2.60167560271681,3.54712845906773,0.136968982554176,0,0,0
2542,2.75,3.25,0,0,0,0
2543,3.5,3.5,0.107167450883379,0,0,0
2544,4,3,0,0,0,0
2545,2.95499933556773,3,0,0,0,0
2546,2,2.75,0.0909090909090909,1,1,1
2553,2.85672386020522,3.43232374061085,0.104806933523316,0,0,0
2554,2.60167560271681,3.54712845906773,0.136968982554176,0,0,0
2556,3.25,3.5,0.272727272727273,0,1,1
2558,4,3,0,0,0,1
2560,4,4,0,0,0,0
2561,2.90118181334541,3.41231190895323,0.099200704793166,0,0,0
2562,2.60167560271681,3.54712845906773,0.136968982554176,0,0,0
2565,2.95031955102666,3.75,0.0909090909090909,0,0,1
2567,2.83332493749986,3.44285628358854,0.107757580223395,0,0,0
2569,3,3,0,0,0,0
2570,2.60167560271681,3.54712845906773,0.136968982554176,0,0,0
2571,1.75,3.75,0.454545454545455,0,0,1
2572,4,3.75,0.272727272727273,0,0,0
2576,3.5,3.5,0,0,0,1
2577,2.60167560271681,3.54712845906773,0.136968982554176,0,0,0
2579,2.75,2.75,0,0,0,0
2580,2.5,3.5,0,0,0,0
2583,4,4,0,0,0,0
2585,2.75,2.75,0,0,0,1
2587,3.5,3.25,0,0,0,0
2588,2.60167560271681,3.54712845906773,0.136968982554176,0,0,0
2589,2,3.25,0.363636363636364,0,0,0
2590,2.75,3.75,0,0,0,1
2594,3,4,0,0,0,1
2595,2.75,3.5,0,0,1,1
2596,2.82162547614718,3.44812255507739,0,0,0,1
2598,2.88714245972219,3,0,0,0,0
2604,2.87778289064005,2,0.181818181818182,0,1,0
2606,2.60167560271681,3.54712845906773,0.136968982554176,0,0,0
2609,2.75,4,0,0,1,0
2610,3.25,4,0,0,0,1
2611,2.25,3.25,0.0909090909090909,0,0,0
2612,2.75,3,0,0,0,0
2613,2.60167560271681,3.54712845906773,0.136968982554176,0,0,0
2615,2.25,3,0.545454545454545,0,0,0
2620,2.98307804281416,3,0,0,0,0
2624,2.60167560271681,3.54712845906773,0.136968982554176,0,0,0
2625,3,3.75,0,0,0,0
2628,1.75,3.25,0.545454545454545,0,0,0
2629,2.25,3.5,0,0,0,0
2630,2.98307804281416,3.5,0,0,1,0
2631,2.87544299836951,4,0,0,0,0
2632,2.60167560271681,3.54712845906773,0.136968982554176,0,0,0
2633,2.60167560271681,3.54712845906773,0.136968982554176,0,0,0
2634,2.75,3.5,0,0,0,0
2635,2.60167560271681,3.54712845906773,0.136968982554176,0,0,0
2640,2.60167560271681,3.54712845906773,0.136968982554176,0,0,0
2641,2.60167560271681,3.54712845906773,0.136968982554176,0,0,0
2644,3,4,0,1,1,1
2645,2.75,2,0,0,0,0
2646,3,4,0.0909090909090909,0,0,1
2647,2.84034461431147,4,0.545454545454545,0,1,1
2649,3.75,3,0.0909090909090909,0,1,1
2651,2.25,3.25,0,0,0,0
2652,3.5,3.5,0.454545454545455,0,1,1
2653,2,3,0.545454545454545,1,0,0
2655,2.5,3.75,0,0,0,0
2656,4,3.5,0,0,0,0
2657,2.5,3.25,0,0,0,0
2658,4,2.75,0,0,0,1
2660,2.93394030513291,3.5,0,0,0,0
2661,2.25,3.25,0.0909090909090909,0,0,0
2664,2.5,3.25,0.363636363636364,0,0,1
2668,2.75,2.25,0,0,1,1
2669,3.5,4,0.102446416163253,0,0,0
2670,3.25,3.25,0.454545454545455,0,0,1
2674,2,3.25,0,0,0,0
2675,2.60167560271681,3.54712845906773,0.136968982554176,0,0,0
2678,2.88948235199273,3.41757818044207,0.100676028143205,0,0,0
2679,2.60167560271681,3.54712845906773,0.136968982554176,0,0,0
2681,2.88714245972219,3.41863143473984,0.0909090909090909,0,0,0
2683,2.60167560271681,3.54712845906773,0.136968982554176,0,0,0
2684,3.25,3.25,0,0,0,0
2686,2.80524623025343,3.5,0.454545454545455,0,1,1
2688,2.86608342928737,3.42811072341977,0.103626674843284,0,0,0
2689,4,3,0,0,0,0
2693,1.75,2.25,0.0909090909090909,0,0,0
2695,2.60167560271681,3.54712845906773,0.136968982554176,0,0,0
2696,2.25,3.75,0,0,1,1
2700,2.60167560271681,3.54712845906773,0.136968982554176,0,0,0
2704,2.60167560271681,3.54712845906773,0.136968982554176,0,0,0
2705,2.75,2.5,0,0,0,1
2710,2.60167560271681,3.54712845906773,0.136968982554176,0,0,0
2714,2.75,3.25,0.0909090909090909,0,1,1
2716,2.60167560271681,3.54712845906773,0.136968982554176,0,0,0
2718,2.60167560271681,3.54712845906773,0.136968982554176,0,0,0
2719,3.5,3,0,1,1,0
2721,2.60167560271681,3.54712845906773,0.136968982554176,0,0,0
2723,4,3,0,0,0,1
2725,2.25,3.25,0.272727272727273,0,0,0
2727,2.84034461431147,3.43969652069524,0.106872386213371,0,0,0
2729,2.60167560271681,3.54712845906773,0.136968982554176,0,0,0
2730,2.91288127469808,3,0.0909090909090909,0,1,0
2731,3,3.25,0,0,0,0
2734,3.75,3.43548350350416,0,0,0,0
2735,2.60167560271681,3.54712845906773,0.136968982554176,0,0,0
2736,2.87076321382844,4,0,0,0,0
2742,2,3.25,0.0909090909090909,0,0,1
2743,2.75,4,0,0,0,1
2746,2.60167560271681,3.54712845906773,0.136968982554176,0,0,0
2748,2.60167560271681,3.54712845906773,0.136968982554176,0,0,0
2750,3,4,0.272727272727273,0,0,0
2751,4,4,0.0909090909090909,0,1,1
2752,2.60167560271681,3.54712845906773,0.136968982554176,0,0,0
2753,2.5,4,0.272727272727273,0,0,1
2755,4,4,0,0,0,0
2757,3.25,3,0,0,0,0
2759,2.8684233215579,3.427057469122,0.103331610173276,0,0,0
2762,3,3.75,0,0,1,0
2764,3,3.75,0.181818181818182,0,0,1
2765,2.60167560271681,3.54712845906773,0.136968982554176,0,0,0
2766,2.60167560271681,3.54712845906773,0.136968982554176,0,0,0
2767,2.25,3.25,0.0909090909090909,0,0,0
2768,3.75,3.25,0.181818181818182,0,0,0
2769,2.5,3.25,0,0,0,0
2773,2.60167560271681,3.54712845906773,0.136968982554176,0,0,0
2775,2.5,3.25,0,0,0,1
2776,3.25,4,0,0,0,0
2777,3.5,3.25,0,0,0,0
2778,2.88948235199273,3.5,0,0,1,0
2783,2.60167560271681,3.54712845906773,0.136968982554176,0,0,0
2785,2.60167560271681,3.54712845906773,0.136968982554176,0,0,0
2786,2.60167560271681,3.54712845906773,0.136968982554176,0,0,0
2787,3.5,3.5,0.454545454545455,0,0,0
2788,1.5,3.25,0.181818181818182,0,1,0
2789,3.25,3.5,0,0,0,0
2792,2.60167560271681,3.54712845906773,0.136968982554176,0,0,0
2796,2.75,4,0,0,0,0
2798,2,4,0.363636363636364,0,0,0
2799,3.25,4,0,0,0,0
2800,2.5,3,0,0,0,0
2801,2.75,4,0.363636363636364,0,0,0
2802,2.60167560271681,3.54712845906773,0.136968982554176,0,0,0
2803,3.25,4,0.0909090909090909,0,0,0
2804,2.60167560271681,3.54712845906773,0.136968982554176,0,0,0
2805,3,4,0.0909090909090909,0,0,0
2806,2.60167560271681,3.54712845906773,0.136968982554176,0,0,0
2808,2.5,3.5,0.0909090909090909,0,0,1
2809,2.5,4,0,0,0,0
2811,2.60167560271681,3.54712845906773,0.136968982554176,0,0,0
2812,2.75,4,0,0,0,0
2814,2.86608342928737,3.42811072341977,0.103626674843284,0,0,0
2815,2.60167560271681,3.54712845906773,0.136968982554176,0,0,0
2816,2.88246267518112,4,0,0,0,0
2819,2.60167560271681,3.54712845906773,0.136968982554176,0,0,0
2825,2.25,3,0,0,0,0
2827,2.5,3.5,0,0,0,0
2830,2.82396536841772,3.44706930077962,0,0,0,0
2833,3,4,0,0,0,0
2835,2.91756105923916,3.40493912886884,0.0971352521031107,0,0,0
2836,2.5,4,0,0,0,0
2838,2.60167560271681,3.54712845906773,0.136968982554176,0,0,0
2843,1,3.75,0,0,0,0
2844,3.25,3.25,0,0,0,0
2845,3.25,4,0.181818181818182,0,0,0
2847,2.60167560271681,3.54712845906773,0.136968982554176,0,0,0
2850,1.25,2,0,0,0,0
2852,2.25,3.25,0,0,0,0
2853,2.60167560271681,3.54712845906773,0.136968982554176,0,0,0
2855,3.25,4,0,0,0,0
2857,2.60167560271681,3.54712845906773,0.136968982554176,0,0,0
2860,2.60167560271681,3.54712845906773,0.136968982554176,0,0,0
2861,2.60167560271681,3.54712845906773,0.136968982554176,0,0,0
2863,3.25,3.75,0.181818181818182,0,0,0
2864,3.25,2.5,0.181818181818182,0,0,0
2865,2.84034461431147,3.25,0.0909090909090909,0,0,0
2867,1.5,3.5,0,0,0,1
2869,2.5,3.25,0,0,0,0
2873,2.60167560271681,3.54712845906773,0.136968982554176,0,0,0
2874,2.61571495634003,2.75,0.0909090909090909,0,0,0
2875,2.60167560271681,3.54712845906773,0.136968982554176,0,0,0
2877,3.5,3.5,0.0909090909090909,0,1,0
2879,2.75,4,0,0,0,0
2880,2.60167560271681,3.54712845906773,0.136968982554176,0,0,0
2882,3,2.75,0,0,0,0
2884,3.5,3,0.181818181818182,0,0,0
2886,2.60167560271681,3.54712845906773,0.136968982554176,0,0,0
2888,2.60167560271681,3.54712845906773,0.136968982554176,0,0,0
2892,4,4,0,0,0,0
2895,3.75,3,0,0,0,0
2898,2.88714245972219,3.25,0.0909090909090909,0,1,0
2900,2.5,2.5,0.545454545454545,0,0,1
2901,3,3.75,0,0,0,0
2905,2.25,3.25,0,0,0,0
2906,3.5,4,0,0,0,0
2907,3.75,3.5,0,0,0,1
2910,2.25,3.25,0.272727272727273,0,0,1
2911,2.60167560271681,4,0.272727272727273,1,0,0
2912,3,3.5,0.0909090909090909,0,0,0
2918,2.75,3.25,0.0909090909090909,0,1,0
2920,2.75,3.75,0.545454545454545,1,0,0
2929,1.75,3.25,0,0,0,0
2931,3,3.5,0.0909090909090909,0,1,0
2933,3.25,4,0.0909090909090909,1,0,0
2934,2.82162547614718,3.44812255507739,0.109232903573434,0,0,0
2936,2.60167560271681,3.54712845906773,0.136968982554176,0,0,0
2940,2.89884192107487,3.413365163251,0.181818181818182,0,1,0
2941,2.82630526068826,3.44601604648185,0,0,1,0
2943,2,3.75,0.0909090909090909,0,1,0
2946,4,4,0.454545454545455,0,0,1
2947,2.75,4,0,0,0,1
2948,2.93628019740344,3.25,0.0909090909090909,0,0,0
2952,2.60167560271681,3.54712845906773,0.136968982554176,0,0,0
2954,4,3.5,0,0,0,0
2957,2.60167560271681,3.54712845906773,0.136968982554176,0,0,0
2958,2,2.75,0,0,0,0
2962,3.25,2,0,0,0,1
2964,2.5,3.25,0.272727272727273,0,1,0
2968,3.5,3,0.0909090909090909,0,0,1
2970,2.60167560271681,3.54712845906773,0.136968982554176,0,0,0
2971,2.60167560271681,3.54712845906773,0.136968982554176,0,0,0
2972,2.99945728870791,3,0.0909090909090909,0,0,0
2973,1.75,3,0,0,0,0
2974,2.25,3.5,0.0909090909090909,0,0,0
2975,3.25,3.25,0.181818181818182,0,0,0
2976,2.60167560271681,3.54712845906773,0.136968982554176,0,0,0
2978,2.60167560271681,3.54712845906773,0.136968982554176,0,0,0
2979,2.60167560271681,3.54712845906773,0.136968982554176,0,0,0
2983,2.5,3.75,0,0,1,0
2986,4,4,0,0,0,0
2987,2.85438396793469,4,0.272727272727273,0,0,0
2988,2.97605836600255,3.25,0.0909090909090909,0,0,0
2989,2.75,2.5,0,0,0,0
2991,1,2.5,0,0,0,0
2992,2.60167560271681,3.54712845906773,0.136968982554176,0,0,0
2995,2.60167560271681,3.54712845906773,0.136968982554176,0,0,0
2996,2.82864515295879,3.44496279218408,0.108347709563411,0,0,0
2997,2.60167560271681,3.54712845906773,0,0,0,0
2998,2.25,3.25,0.545454545454545,0,1,0
3002,3,3.75,0.0909090909090909,0,1,1
3003,2.75,2.75,0.181818181818182,0,0,1
3005,3.25,3.25,0,0,1,0
3010,3.25,3.5,0.0909090909090909,0,1,0
3011,4,3,0,0,0,0
3012,2.25,4,0,0,0,1
3013,2.60167560271681,3.54712845906773,0.136968982554176,0,0,0
3015,3.75,3.5,0,1,0,0
3017,3.25,4,0,0,0,0
3018,3.25,3.5,0,0,0,0
3020,2.60167560271681,3.5,0.0909090909090909,0,0,0
3022,2.83098504522933,3.44390953788631,0.108052644893403,0,0,0
3023,4,3.75,0.0909090909090909,0,0,0
3025,2.87778289064005,3.42284445193092,0.102151351493245,0,0,0
3026,3.25,3.25,0.454545454545455,0,0,0
3029,2.75,3,0,0,0,0
3030,2.60167560271681,3.54712845906773,0.136968982554176,0,0,0
3032,2.25,4,0.181818181818182,0,0,1
3034,2.25,3,0.0909090909090909,0,1,0
3035,1.75,3,0.272727272727273,0,0,0
3038,1.75,2,0,0,0,0
3039,2,4,0.545454545454545,0,0,0
3042,2.5,3.41968468903761,0.181818181818182,0,1,0
3043,2.83098504522933,3.5,0.454545454545455,1,1,0
3046,2.90352170561594,3.25,0,0,0,0
3047,2.75,3,0,0,0,0
3049,2.88714245972219,3,0,0,1,0
3052,2.5,3,0.181818181818182,0,0,0
3053,3.5,3.25,0,0,0,0
3056,2.89650202880433,3.41441841754877,0.0997908341331817,0,0,0
3057,2.60167560271681,3.54712845906773,0.136968982554176,0,0,0
3058,3.5,3,0.181818181818182,0,0,0
3059,1.5,4,0,0,0,0
3061,2.91054138242755,3.25,0,0,0,0
3063,2.5,3,0,1,0,0
3064,2.60167560271681,3.54712845906773,0.136968982554176,0,0,0
3068,2.60167560271681,3.54712845906773,0.136968982554176,0,0,0
3070,2.60167560271681,3.54712845906773,0.136968982554176,0,0,0
3071,2,3.75,0,0,0,0
3074,3,3.5,0,0,0,0
3076,1.75,2.75,0,0,1,0
3077,2.25,3,0,0,1,0
3078,2.60167560271681,3.54712845906773,0.136968982554176,0,0,0
3080,3.5,4,0,0,0,0
3081,3.75,3,0,0,0,1
3083,2.75,3.5,0.363636363636364,0,0,1
3084,2.5,4,0,0,0,0
3085,2.60167560271681,3.54712845906773,0.136968982554176,0,0,0
3086,2.60167560271681,3.54712845906773,0.136968982554176,0,0,0
3087,2.75,3,0.181818181818182,0,1,0
3088,2,2.25,0,0,0,0
3089,2.25,3,0.272727272727273,0,1,0
3096,2.60167560271681,3.54712845906773,0.136968982554176,0,0,0
3101,2.5,4,0.363636363636364,0,1,0
3102,2.5,3,0.363636363636364,0,1,0
3103,2.95733922783827,4,0,0,0,1
3105,2,4,0,0,0,0
3106,2.5,3.25,0,0,0,1
3107,1.5,3.25,0.181818181818182,0,0,0
3109,3,3.75,0.454545454545455,0,1,0
3110,2.91756105923916,3.5,0,1,0,0
3111,2.60167560271681,3.54712845906773,0.136968982554176,0,0,0
3112,2.60167560271681,3.54712845906773,0.136968982554176,0,0,0
3113,3.5,4,0.454545454545455,0,1,1
3116,2.60167560271681,3.54712845906773,0.136968982554176,0,0,0
3117,3,3,0.272727272727273,0,0,1
3121,2.60167560271681,3.54712845906773,0.136968982554176,0,0,0
3126,3.25,3.25,0.454545454545455,0,0,0
3128,2.60167560271681,3.54712845906773,0.136968982554176,0,0,0
3129,2.60167560271681,3.54712845906773,0.136968982554176,0,0,0
3130,2.60167560271681,4,0.272727272727273,0,0,0
3131,2,3,0,0,0,0
3134,2.60167560271681,3.54712845906773,0.136968982554176,0,0,0
3137,2.90118181334541,3.25,0,0,0,0
3138,2.5,3.75,0.0909090909090909,0,1,1
3141,2.75,4,0.272727272727273,0,0,1
3143,2.61571495634003,3.54080893328112,0.135198594534129,0,0,0
3144,2.9269206283213,3.25,0,0,0,1
3148,2.75,4,0,0,0,0
3151,3.5,3,0.0909090909090909,0,0,0
3152,2.60167560271681,3.54712845906773,0.136968982554176,0,0,0
3155,3.75,3,0,0,0,1
3159,3.75,4,0.545454545454545,0,1,0
3160,2.60167560271681,3.54712845906773,0.136968982554176,0,0,0
3161,2.60167560271681,3.54712845906773,0.136968982554176,0,0,0
3162,1.75,2,0.0909090909090909,0,0,0
3166,2.60167560271681,3.54712845906773,0.136968982554176,0,0,0
3167,1.5,3.25,0.636363636363636,1,1,0
3169,2.60167560271681,3.54712845906773,0.136968982554176,0,0,0
3170,2.75,4,0.0909090909090909,0,1,1
3173,2.60167560271681,3.54712845906773,0.136968982554176,0,0,0
3175,2.75,3.25,0.0909090909090909,0,0,0
3177,1.5,3.25,0.0909090909090909,0,1,1
3179,4,4,0,0,0,0
3180,2.96201901237934,2.25,0.181818181818182,0,0,0
3184,2.60167560271681,3.54712845906773,0.136968982554176,0,0,0
3185,2.60167560271681,3.54712845906773,0.136968982554176,0,0,0
3186,3.25,3.25,0,0,1,1
3190,2,3.25,0,0,0,0
3191,2.60167560271681,3.54712845906773,0.136968982554176,0,0,0
3193,3.5,3.25,0,0,0,0
3196,2.60167560271681,3.54712845906773,0.136968982554176,0,0,0
3198,3.5,3.5,0,0,0,0
3200,2.75,4,0.0909090909090909,0,0,0
3201,2.5,4,0.181818181818182,0,0,0
3202,3.5,3.5,0,0,0,0
3204,2.60167560271681,3.54712845906773,0.136968982554176,0,0,0
3206,2.25,3.25,0.0909090909090909,0,0,0
3208,2.97137858146148,3.38071428002014,0,0,0,0
3210,2.60167560271681,3.54712845906773,0.136968982554176,0,0,0
3214,2.60167560271681,3.54712845906773,0.136968982554176,0,0,0
3216,2.60167560271681,3.54712845906773,0.136968982554176,0,0,0
3219,2,3.5,0.0909090909090909,0,0,0
3221,2.92458073605076,3,0,0,1,0
3223,3,3.75,0.363636363636364,0,1,0
3224,3.75,3.25,0,0,1,0
3225,3.25,2.5,0.181818181818182,0,0,1
3226,2.60167560271681,3.54712845906773,0.136968982554176,0,0,0
3230,2.75,3.25,0,0,0,0
3231,3,3.75,0.0909090909090909,0,0,0
3232,1.5,2.5,0,0,1,0
3236,3.25,4,0,0,0,0
3237,2.25,2.25,0,0,0,0
3238,3,2.75,0.272727272727273,0,0,0
3239,2.90118181334541,3.25,0,0,1,0
3241,3,3.25,0,0,0,1
3243,2.92458073605076,3.5,0.545454545454545,0,1,0
3246,2.60167560271681,3.54712845906773,0.136968982554176,0,0,0
3249,3,3.5,0.181818181818182,0,0,1
3252,2.75,4,0,0,0,0
3254,2.5,3.25,0,0,0,0
3257,2.60167560271681,3.54712845906773,0.136968982554176,0,0,0
3263,2.25,2.75,0.454545454545455,0,0,0
3265,2.60167560271681,3.54712845906773,0.136968982554176,0,0,0
3268,2.25,3.5,0.545454545454545,0,1,1
3270,2.60167560271681,3.54712845906773,0.136968982554176,0,0,0
3271,4,3.25,0,0,0,0
3272,3.25,3.25,0,0,0,0
3273,4,3.75,0.0909090909090909,0,0,0
3274,2.60167560271681,3.54712845906773,0.136968982554176,0,0,0
3277,3.5,3.75,0.272727272727273,0,0,1
3279,4,4,0,0,0,1
3280,2.8684233215579,4,0,0,0,0
3281,2.87310310609897,3.42495096052646,0.363636363636364,0,1,1
3284,2.60167560271681,3.54712845906773,0.136968982554176,0,0,0
3285,4,4,0,0,0,0
3286,4,4,0,0,0,1
3289,2.75,3.25,0.454545454545455,0,1,0
3293,2.60167560271681,3.54712845906773,0.136968982554176,0,0,0
3294,2.8356648297704,3.44180302929077,0.107462515553387,0,0,0
3295,3,4,0.181818181818182,0,0,0
3297,2.5,2.75,0,0,0,0
3298,2.93628019740344,3.25,0.181818181818182,0,0,1
3299,2.91054138242755,3.75,0.0980204461131344,0,1,0
3301,2.25,3.75,0.181818181818182,0,0,0
3303,4,3.25,0,0,0,0
3304,2,3.25,0.181818181818182,0,0,0
3307,2.60167560271681,3.54712845906773,0.136968982554176,0,0,0
3308,2.60167560271681,3.54712845906773,0.136968982554176,0,0,0
3311,3,4,0,0,0,0
3313,1.75,3.25,0,0,1,0
3319,1.5,4,0,0,0,0
3323,3,3.75,0.0909090909090909,0,1,0
3325,2.91288127469808,3.25,0.181818181818182,0,0,0
3328,4,3.5,0.545454545454545,1,1,0
3330,2.87778289064005,3.5,0,0,0,0
3332,1.5,3.75,0.272727272727273,1,0,1
3334,3,3.5,0,0,0,0
3335,3.5,3,0,0,0,0
3336,2.89650202880433,3.41441841754877,0.0997908341331817,0,0,0
3337,2.60167560271681,3.54712845906773,0.136968982554176,0,0,0
3338,2.60167560271681,3.54712845906773,0.136968982554176,0,0,0
3339,1.25,3.25,0.363636363636364,0,0,1
3340,2.75,4,0,0,0,0
3341,2.5,3.5,0,0,1,0
3343,2.60167560271681,3.54712845906773,0.136968982554176,0,0,0
3344,4,3.75,0,0,0,1
3345,3.25,3,0,0,0,0
3346,3.25,4,0,0,0,1
3347,4,3.5,0,0,0,1
3350,2.60167560271681,3.54712845906773,0.136968982554176,0,0,0
3352,2.5,4,0,0,0,0
3355,2.75,3.25,0.0909090909090909,0,0,1
3356,2.61571495634003,3.54080893328112,0.181818181818182,0,0,1
3360,3.5,3.25,0,0,0,0
3361,2.75,3.5,0,0,0,0
3364,2.91522116696862,3.40599238316661,0.0974303167731186,0,0,0
3365,2.85672386020522,4,0.272727272727273,0,1,1
3366,3.5,3,0,0,1,0
3367,3.5,3,0,0,0,0
3370,3,3,0.181818181818182,0,0,0
3371,3,3.25,0.181818181818182,0,0,1
3373,2.9854179350847,3.5,0,0,0,0
3378,2.5,2.75,0,0,0,0
3382,2.5,3.75,0,0,0,0
3384,2,3.5,0.454545454545455,0,0,0
3385,2.60167560271681,3.54712845906773,0.136968982554176,0,0,0
3386,3,3.75,0,0,0,0
3387,2.91288127469808,4,0,0,0,0
3388,2.77950741527754,4,0.272727272727273,0,0,1
3389,2.75,4,0.0909090909090909,0,0,1
3390,2.75,3.25,0.272727272727273,0,0,0
3392,2.87778289064005,3.25,0.272727272727273,0,1,1
3394,2.5,3.75,0.272727272727273,1,1,0
3395,3.75,3.5,0,0,1,1
3396,2.60167560271681,3.54712845906773,0.136968982554176,0,0,0
3397,2.96669879692041,2.75,0,0,0,1
3398,3.5,4,0.0909090909090909,0,0,0
3399,2.60167560271681,3.54712845906773,0.136968982554176,0,0,0
3400,2.90118181334541,3.5,0.181818181818182,0,0,1
3401,2.60167560271681,3.54712845906773,0.136968982554176,0,0,0
3402,3.25,3.75,0.272727272727273,0,0,0
3404,2.60167560271681,3.54712845906773,0.136968982554176,0,0,0
3406,3.25,4,0,0,0,1
3407,2.84502439885254,3.4375900120997,0.363636363636364,0,0,1
3408,2.85438396793469,3.43337699490862,0.105101998193324,0,0,0
3411,3.75,3.75,0,0,0,0
3413,3,3,0,0,0,0
3417,2.60167560271681,3.54712845906773,0.136968982554176,0,0,0
3420,2.5,2.75,0,0,0,1
3422,2.25,3.5,0,0,0,0
3423,3.25,3.5,0,0,0,0
3424,3.5,3.25,0,0,0,0
3425,2.60167560271681,3.54712845906773,0.136968982554176,0,0,0
3426,2.5,3.5,0,0,0,0
3430,2.60167560271681,3.54712845906773,0.136968982554176,0,0,0
3433,2.75,3.5,0.272727272727273,0,0,0
3434,3.5,3.75,0,0,0,0
3438,3,3,0,0,0,0
3440,2.25,2.75,0,0,0,1
3449,2.5,4,0,0,0,0
3450,3.75,3.5,0.272727272727273,0,1,1
3452,2,2.5,0,0,1,0
3455,2.75,4,0,0,1,0
3457,2.60167560271681,3.54712845906773,0.136968982554176,0,0,0
3459,2.25,4,0,0,1,0
3463,3.5,3.25,0.272727272727273,0,1,0
3466,3.5,4,0,0,0,0
3468,3,2.5,0.181818181818182,0,0,0
3470,2.5,3,0.0909090909090909,0,1,0
3474,2.90586159788648,4,0,0,0,0
3477,3.25,4,0.0909090909090909,0,0,0
3478,3.25,2.75,0,0,0,0
3480,2.60167560271681,3.54712845906773,0.136968982554176,0,0,0
3481,2.75,3.75,0,0,0,0
3484,4,4,0,0,0,1
3485,4,3.25,0.727272727272727,1,0,0
3487,2.60167560271681,3.54712845906773,0.136968982554176,0,0,0
3488,1.25,3.25,0.0909090909090909,0,0,0
3492,2.60167560271681,3.54712845906773,0.136968982554176,0,0,0
3493,2.25,3,0,0,0,0
3494,4,4,0.181818181818182,0,0,0
3497,3.75,4,0,0,1,1
3500,2.82864515295879,3.5,0,0,0,0
3502,2.60167560271681,3.54712845906773,0.136968982554176,0,0,0
3504,3.75,3.75,0.0909090909090909,0,0,1
3507,2.5,3.75,0,0,0,0
3510,2.60167560271681,3.54712845906773,0.136968982554176,0,0,0
3511,2.60167560271681,3.54712845906773,0.136968982554176,0,0,0
3514,2.60167560271681,3.54712845906773,0.136968982554176,0,0,0
3515,2.60167560271681,3.54712845906773,0.136968982554176,0,0,0
3518,2.60167560271681,3.54712845906773,0.136968982554176,0,0,0
3520,2.25,3.25,0.181818181818182,0,1,1
3521,2.5,3,0.272727272727273,1,0,0
3522,2.5,4,0,0,0,0
3524,2.84034461431147,4,0,0,0,0
3529,2.91288127469808,4,0,0,0,0
3530,2.60167560271681,3.54712845906773,0.136968982554176,0,0,0
3534,3.5,3.75,0.0909090909090909,0,1,0
3535,3,3.5,0.181818181818182,0,0,0
3539,3.25,3.25,0,0,0,0
3540,2.60167560271681,3.54712845906773,0.136968982554176,0,0,0
3541,2.60167560271681,3.54712845906773,0.136968982554176,0,0,0
3544,3.75,3.75,0.363636363636364,1,1,0
3545,3.75,4,0,0,0,0
3546,2.85906375247576,3.25,0.181818181818182,0,1,0
3554,2,3.5,0,0,0,0
3559,2.60167560271681,3.54712845906773,0.136968982554176,0,0,0
3560,3.5,4,0,0,0,1
3565,2.9596791201088,2,0,0,0,0
3567,3.5,4,0,0,0,0
3568,3.5,3.5,0.0909090909090909,0,1,0
3570,2.60167560271681,3.54712845906773,0.136968982554176,0,0,0
3571,2.80992601479451,4,0.0909090909090909,0,0,0
3572,3.5,3.5,0.0909090909090909,0,0,0
3573,2.82396536841772,3.44706930077962,0,0,0,0
3576,3.25,4,0,0,0,0
3581,2.75,4,0.0909090909090909,0,0,0
3583,2.60167560271681,3.54712845906773,0.136968982554176,0,0,0
3585,2.25,2.75,0.181818181818182,0,0,0
3587,2.91990095150969,3,0.181818181818182,0,0,0
3589,2.75,4,0.181818181818182,0,0,1
3590,2.60167560271681,3.54712845906773,0.136968982554176,0,0,0
3591,2.75,4,0.0909090909090909,1,0,0
3592,2.8029063379829,3.25,0.181818181818182,0,0,0
3594,2.60167560271681,3.54712845906773,0.136968982554176,0,0,0
3596,2.83800472204094,3.44074977499301,0.107167450883379,0,0,0
3602,2,2.25,0.363636363636364,1,0,0
3605,1.75,2.75,0.0909090909090909,0,0,0
3609,2.60167560271681,3.54712845906773,0.136968982554176,0,0,0
3613,2.8614036447463,3.75,0.545454545454545,0,0,0
3615,2.60167560271681,3.54712845906773,0.136968982554176,0,0,0
3616,3.25,3.25,0,0,0,1
3618,2.75,3,0.0909090909090909,0,0,0
3620,4,3.5,0,0,0,0
3621,2.91054138242755,2,0,0,0,0
3623,2.60167560271681,3.54712845906773,0.136968982554176,0,0,0
3625,2.5,4,0,0,1,0
3627,2.60167560271681,3.54712845906773,0.136968982554176,0,0,0
3633,3.25,4,0,0,0,0
3634,3.25,2.75,0.181818181818182,0,0,1
3638,2.60167560271681,3.54712845906773,0.136968982554176,0,0,0
3639,3,3.5,0,0,1,1
3640,3.25,3.5,0,1,0,1
3642,2.88480256745165,3.25,0,0,1,0
3643,3,3,0.272727272727273,0,0,0
3644,2.87778289064005,3.25,0,0,0,0
3645,2.60167560271681,3.54712845906773,0.136968982554176,0,0,0
3649,2.83098504522933,3.44390953788631,0.108052644893403,0,0,0
3650,2,3.25,0.181818181818182,0,0,0
3651,1.5,3.5,0,0,0,0
3654,2.75,3.75,0.272727272727273,0,1,1
3658,2.75,4,0,0,0,0
3659,3,3.5,0,0,0,1
3661,2.60167560271681,3.54712845906773,0.136968982554176,0,0,0
3664,4,3.25,0,0,0,0
3666,3.25,3.75,0,0,0,0
3667,4,3,0.181818181818182,0,0,1
3669,2.75,3.25,0,0,0,0
3670,2.60167560271681,3.54712845906773,0.136968982554176,0,0,0
3671,2.60167560271681,3.54712845906773,0.136968982554176,0,0,0
3677,2.8356648297704,3.25,0,0,0,0
3678,1.75,3.25,0.181818181818182,0,1,0
3680,2.60167560271681,3.54712845906773,0.136968982554176,0,0,0
3681,3.5,2.75,0,0,0,0
3683,2.91756105923916,3,0,0,0,0
3684,2,3.75,0,0,0,0
3685,2,4,0.636363636363636,0,0,1
3686,2.81928558387665,4,0.636363636363636,1,0,1
3687,2.60167560271681,3.54712845906773,0.136968982554176,0,0,0
3688,2.60167560271681,3.54712845906773,0.136968982554176,0,0,0
3689,3,3.5,0.0909090909090909,0,0,1
3690,2.60167560271681,3.54712845906773,0.136968982554176,0,0,0
3692,2.60167560271681,3.54712845906773,0.136968982554176,0,0,0
3694,2.82396536841772,3.44706930077962,0,0,0,0
3699,2.25,3.25,0.181818181818182,0,1,0
3700,3.25,2.75,0.363636363636364,1,1,0
3701,3,3.5,0,0,0,0
3703,1.75,3.75,0,0,0,0
3704,2.92224084378023,3.4028326202733,0.0965451227630949,0,0,0
3705,2.8614036447463,3.75,0,0,0,0
3706,2.89884192107487,3.5,0,0,0,1
3708,1.5,2.75,0,0,0,0
3710,3.25,2.75,0,0,0,0
3711,2.85672386020522,3.75,0.0909090909090909,0,0,1
3713,1.5,3.25,0.454545454545455,0,1,0
3718,3.25,3.5,0,0,0,0
3720,2.60167560271681,3.54712845906773,0.136968982554176,0,0,0
3721,3.25,4,0.454545454545455,1,1,0
3724,2.83800472204094,3,0,0,0,0
3725,2.60167560271681,3.54712845906773,0.136968982554176,0,0,0
3726,2.60167560271681,3.54712845906773,0.136968982554176,0,0,0
3730,2.5,2.75,0,0,0,0
3733,2.61571495634003,3.54080893328112,0.545454545454545,0,0,0
3734,3.25,3.25,0,0,1,0
3736,2.81928558387665,3.25,0,0,0,0
3742,3.25,3.5,0,0,1,0
3743,2.25,3.25,0.0909090909090909,0,0,1
3744,2.60167560271681,3.54712845906773,0.136968982554176,0,0,0
3747,2.60167560271681,3.54712845906773,0.136968982554176,0,0,0
3752,2,4,0.0909090909090909,0,0,0
3753,2.60167560271681,3.54712845906773,0.136968982554176,0,0,0
3755,3.5,3,0.181818181818182,0,0,0
3760,2.60167560271681,3.54712845906773,0.136968982554176,0,0,0
3761,2.60167560271681,3.54712845906773,0.136968982554176,0,0,0
3762,2.60167560271681,3.54712845906773,0.136968982554176,0,0,0
3763,3.75,3.5,0.272727272727273,0,0,0
3766,2,3.75,0,0,0,1
3769,3,3.25,0,0,0,0
3770,3.25,3.5,0,0,0,0
3771,3.25,3.75,0.0909090909090909,0,0,0
3772,1.75,1.75,0,0,0,1
3773,2,2.75,0.272727272727273,0,1,1
3775,3.5,4,0,1,1,0
3779,2,3.75,0,0,0,0
3781,2.9269206283213,3.40072611167776,0.0959549934230792,0,0,0
3782,2.5,4,0,0,0,0
3783,3.25,4,0,0,0,0
3785,2.5,3.25,0,0,0,0
3789,2.8356648297704,3.5,0,0,0,0
3791,2.5,3.25,0,0,0,0
3792,2.60167560271681,3.54712845906773,0.136968982554176,0,0,0
3799,3.5,4,0.0909090909090909,0,0,0
3802,3.5,3.25,0,0,0,0
3803,2.5,4,0,0,1,0
3806,2.75,3.25,0.363636363636364,0,0,0
3809,2.85204407566415,3.43443024920639,0,0,0,0
3815,2.5,3.5,0.0909090909090909,0,0,0
3816,2.60167560271681,3.54712845906773,0.136968982554176,0,0,0
3818,2.60167560271681,3.54712845906773,0.136968982554176,0,0,0
3819,2.60167560271681,3.54712845906773,0.136968982554176,0,0,0
3820,2.84736429112308,3.5,0.0909090909090909,0,0,0
3821,2.75,4,0,0,0,0
3823,2.83800472204094,3.75,0.0909090909090909,0,0,0
3824,2.75,3.25,0,0,0,0
3825,4,3,0,0,0,0
3828,2.60167560271681,3.54712845906773,0.136968982554176,0,0,0
3830,3.25,4,0,0,0,0
3831,2.60167560271681,3.54712845906773,0.136968982554176,0,0,0
3832,2.60167560271681,3.54712845906773,0.136968982554176,0,0,0
3834,2.82864515295879,4,0,0,0,0
3836,2.60167560271681,3.54712845906773,0.136968982554176,0,0,0
3837,4,4,0.0909090909090909,0,0,0
3838,4,3.5,0,0,0,0
3839,2.88480256745165,2.75,0,0,1,0
3841,2.85204407566415,3.25,0,0,0,0
3843,2.60167560271681,3.54712845906773,0.136968982554176,0,0,0
3844,2.60167560271681,3.54712845906773,0.136968982554176,0,0,0
3847,2.60167560271681,3.54712845906773,0.136968982554176,0,0,0
3849,2.82864515295879,3.75,0.0909090909090909,0,0,1
3850,2.60167560271681,3.54712845906773,0.136968982554176,0,0,0
3852,3,2.75,0.272727272727273,0,0,0
3853,2.87076321382844,3.42600421482423,0.103036545503269,0,0,0
3854,3.5,3.5,0.181818181818182,0,0,0
3855,2.60167560271681,3.54712845906773,0.136968982554176,0,0,0
3856,2.88480256745165,4,0.363636363636364,0,1,1
3857,2.75,3.25,0,0,1,0
3858,2.5,3.5,0,0,1,0
3862,2.8029063379829,3.25,0,0,1,0
3863,3.25,4,0,0,1,1
3864,2.60167560271681,3.54712845906773,0.136968982554176,0,0,0
3866,3,3.25,0,0,0,0
3867,2.60167560271681,3.54712845906773,0.136968982554176,0,0,0
3869,2,3.75,0,0,0,0
3871,1.5,3.5,0,0,0,0
3873,3.25,3.75,0,0,0,1
3874,2.25,3.75,0.363636363636364,0,0,0
3882,3,3.25,0,0,0,0
3885,2.87778289064005,3.75,0,0,1,0
3887,3.25,3.25,0.545454545454545,0,1,0
3888,2.5,3.75,0,0,0,1
3894,2.75,3.5,0.181818181818182,0,0,0
3895,3.75,3.25,0,0,0,0
3897,2.60167560271681,3.54712845906773,0.136968982554176,0,0,0
3899,2.92926052059184,3.75,0.454545454545455,0,0,0
3900,2.60167560271681,3.54712845906773,0.136968982554176,0,0,0
3905,3.75,3,0,0,0,0
3907,2.90586159788648,3.41020540035769,0.0986105754531502,0,0,0
3909,3,4,0,0,0,0
3911,3.25,3.75,0.0909090909090909,0,1,0
3914,2.60167560271681,3.54712845906773,0.136968982554176,0,0,0
3919,2.88714245972219,2.75,0,0,0,0
3920,3,3.25,0,0,0,1
3923,2.60167560271681,3.54712845906773,0.136968982554176,0,0,0
3924,2.5,3,0.0909090909090909,0,0,0
3925,2.60167560271681,3.54712845906773,0.136968982554176,0,0,0
3926,2.60167560271681,3.54712845906773,0.136968982554176,0,0,0
3927,2.84268450658201,4,0,0,0,0
3928,3,4,0.454545454545455,0,0,1
3930,2,2.25,0.272727272727273,0,1,1
3932,2.25,3,0,0,0,0
3934,3.25,4,0,0,0,1
3938,3.5,4,0.454545454545455,0,0,1
3939,3.25,3.5,0.272727272727273,0,0,0
3940,2.60167560271681,3.54712845906773,0.136968982554176,0,0,0
3941,2.60167560271681,3.54712845906773,0.136968982554176,0,0,0
3944,2.5,2.75,0.272727272727273,0,0,0
3946,2.92926052059184,3.39967285737999,0.0956599287530713,0,0,0
3948,2.60167560271681,3.54712845906773,0.136968982554176,0,0,0
3949,3,3.25,0,0,0,1
3951,2.60167560271681,3.54712845906773,0.136968982554176,0,0,0
3955,3.25,3.75,0.181818181818182,0,0,0
3956,1.5,4,0,0,1,0
3958,2.60167560271681,3.54712845906773,0.136968982554176,0,0,0
3959,2.84736429112308,3.25,0,0,0,0
3961,2.60167560271681,3.54712845906773,0.136968982554176,0,0,0
3962,2.60167560271681,2.25,0.0909090909090909,0,0,0
3965,2.85906375247576,3.5,0,0,0,0
3968,1.75,2.75,0,0,0,0
3973,2.25,3,0.181818181818182,0,0,0
3976,3,2.5,0.454545454545455,1,0,0
3979,2.60167560271681,3.54712845906773,0.136968982554176,0,0,0
3980,2.60167560271681,3.54712845906773,0.136968982554176,0,0,0
3983,2.5,4,0,0,0,0
3988,2.5,3,0,0,0,1
3992,2.60167560271681,3.54712845906773,0.136968982554176,0,0,0
3993,3.25,3.25,0,0,0,0
4002,2.25,3,0,0,0,0
4007,2.75,3.25,0,0,0,1
4008,2.5,4,0,0,0,0
4013,4,3.5,0.181818181818182,0,1,0
4014,2.60167560271681,3.54712845906773,0.136968982554176,0,0,0
4016,3,2.75,0,0,0,1
4017,2.93862008967398,3.25,0.0909090909090909,0,0,1
4021,2.25,3,0.0909090909090909,0,1,1
4024,2.75,3.75,0.0909090909090909,0,0,0
4025,3.25,4,0,0,0,0
4027,3,2.25,0.0909090909090909,0,0,0
4028,3.25,4,0,0,0,0
4029,2.60167560271681,3.54712845906773,0.136968982554176,0,0,0
4030,2.90118181334541,3,0,0,0,1
4031,2.83800472204094,3.25,0,0,0,1
4032,2.60167560271681,3.54712845906773,0.136968982554176,0,0,0
4033,2.60167560271681,3.54712845906773,0.136968982554176,0,0,0
4036,2,3,0.363636363636364,0,0,0
4040,2.75,3.5,0,0,0,1
4042,2.84268450658201,3.43864326639747,0.272727272727273,0,0,0
4043,3,4,0.181818181818182,0,0,0
4045,2.81226590706504,3.45233557226847,0.454545454545455,1,0,0
4049,2,4,0.0909090909090909,0,1,1
4052,2.60167560271681,3.54712845906773,0.136968982554176,0,0,0
4053,3,3.5,0,0,1,0
4054,2.61571495634003,3.75,0,0,0,0
4056,1.75,3,0.0909090909090909,0,0,0
4058,2.60167560271681,3.54712845906773,0.136968982554176,0,0,0
4060,2.60167560271681,3.54712845906773,0.136968982554176,0,0,0
4062,2.86608342928737,3.25,0,0,0,0
4063,2.75,3.75,0.272727272727273,0,1,1
4068,1.75,3.75,0,0,1,0
4071,3.5,3.5,0.0909090909090909,0,0,0
4073,2.89884192107487,3.75,0.272727272727273,0,0,0
4077,3.25,3.5,0,0,1,0
4078,2,3.75,0.272727272727273,0,0,0
4082,2.87310310609897,3.25,0,0,0,0
4083,3,3.75,0,0,0,0
4088,3,3.5,0,0,1,0
4090,3.75,3.5,0.0909090909090909,0,0,0
4091,2.60167560271681,3.54712845906773,0.136968982554176,0,0,0
4097,3.25,3.5,0.181818181818182,0,1,0
4098,3,4,0.0909090909090909,0,0,0
4100,2.60167560271681,3.54712845906773,0.136968982554176,0,0,0
4103,2.60167560271681,3.54712845906773,0.136968982554176,0,0,0
4108,3,3,0,0,0,0
4109,3.25,4,0.0909090909090909,0,0,0
4111,4,3.25,0,0,1,0
4119,2.60167560271681,3.54712845906773,0.136968982554176,0,0,0
4121,2.60167560271681,3.54712845906773,0,0,0,0
4125,2.60167560271681,3.54712845906773,0.136968982554176,0,0,0
4128,2.60167560271681,3.54712845906773,0.136968982554176,0,0,0
4129,2.60167560271681,3.54712845906773,0.136968982554176,0,0,0
4131,2.88012278291058,3.42179119763315,0.363636363636364,0,1,0
4135,2.25,3.5,0.272727272727273,0,0,0
4138,2.75,4,0.0909090909090909,0,1,1
4140,2.60167560271681,3.54712845906773,0.136968982554176,0,0,0
4141,2.91990095150969,3.40388587457107,0.0968401874331028,0,0,0
4142,2.5,3,0.0909090909090909,0,0,1
4146,3.5,3.75,0.181818181818182,0,0,0
4147,2.60167560271681,3.54712845906773,0.136968982554176,0,0,0
4150,2.60167560271681,3.54712845906773,0.136968982554176,0,0,0
4153,2.60167560271681,3.54712845906773,0.136968982554176,0,0,0
4155,2.25,4,0.0909090909090909,0,0,0
4157,2.5,4,0,0,0,0
4158,2.60167560271681,3.54712845906773,0.136968982554176,0,0,0
4159,2.5,3.5,0,0,0,1
4162,2.93160041286237,3.39861960308222,0.0953648640830634,0,0,0
4165,3.75,4,0.0909090909090909,0,1,1
4167,2.25,3,0,0,0,0
4168,3,3.25,0.0909090909090909,0,0,0
4170,2.60167560271681,3.54712845906773,0.136968982554176,0,0,0
4172,1.5,3.5,0.181818181818182,0,0,0
4177,3.25,1.75,0,0,0,0
4178,2.90118181334541,3.41231190895323,0.099200704793166,0,0,0
4179,2.84502439885254,4,0.272727272727273,0,0,0
4181,2.60167560271681,3.54712845906773,0.136968982554176,0,0,0
4183,3.75,3,0,0,0,1
4187,2.60167560271681,3.54712845906773,0.136968982554176,0,0,0
4188,2.81694569160611,3.75,0.454545454545455,0,0,0
4191,2.60167560271681,3.54712845906773,0.136968982554176,0,0,0
4193,2.91990095150969,3.75,0.454545454545455,0,1,0
4194,2.82864515295879,3.25,0.363636363636364,0,0,0
4197,2.60167560271681,3.54712845906773,0.136968982554176,0,0,0
4200,3.25,3.25,0,0,0,0
4201,2.87778289064005,3.42284445193092,0.102151351493245,0,0,0
4202,3.25,3.5,0,0,0,0
4203,2.60167560271681,3.54712845906773,0.136968982554176,0,0,0
4204,3.5,4,0.272727272727273,0,0,0
4205,2.60167560271681,3.54712845906773,0.136968982554176,0,0,0
4206,2.75,3.5,0.272727272727273,0,0,0
4213,2.84970418339362,3.75,0.0909090909090909,0,0,0
4216,2,3,0,0,0,0
4217,2.88714245972219,3.75,0.272727272727273,0,0,0
4220,2.60167560271681,3.54712845906773,0.136968982554176,0,0,0
4222,2.60167560271681,3.54712845906773,0.136968982554176,0,0,0
4224,3.5,2.75,0.272727272727273,0,0,1
4229,2.83098504522933,3.5,0,0,0,0
4235,2.60167560271681,3.54712845906773,0.136968982554176,0,0,0
4236,2.80758612252397,3.75,0,0,0,0
4239,2.75,2.75,0,0,0,0
4240,2.60167560271681,3.54712845906773,0.136968982554176,0,0,0
4241,3,4,0,0,1,1
